run,model,sb,day,period,threshold_vac,threshold_diss,TAR,TRR,RR
1,ecnn1,1,3,AM,0.20458984375,0.055419921875,,0.3433,1.0
1,ecnn1,1,3,PM,0.20458984375,0.055419921875,,0.5205,1.0
1,ecnn1,1,4,AM,0.20458984375,0.055419921875,,0.286,1.0
1,ecnn1,1,4,PM,0.20458984375,0.055419921875,,0.2764,1.0
1,ecnn1,1,5,AM,0.20458984375,0.055419921875,,0.3547,1.0
1,ecnn1,1,5,PM,0.20458984375,0.055419921875,,0.3203,1.0
1,ecnn1,3,3,AM,0.2042236328125,0.0196685791015625,0.96,0.3604,0.7573
1,ecnn1,3,3,PM,0.2042236328125,0.0196685791015625,0.947,0.506,0.839
1,ecnn1,3,4,AM,0.2042236328125,0.0196685791015625,0.7227,0.59,0.84
1,ecnn1,3,4,PM,0.2042236328125,0.0196685791015625,0.863,0.512,0.8555
1,ecnn1,3,5,AM,0.2042236328125,0.0196685791015625,0.7095,0.4578,0.9
1,ecnn1,3,5,PM,0.2042236328125,0.0196685791015625,0.5605,0.575,0.944
1,ecnn1,4,3,AM,0.1993408203125,0.0036563873291015625,0.726,0.6377,0.795
1,ecnn1,4,3,PM,0.1993408203125,0.0036563873291015625,0.7095,0.7017,0.7773
1,ecnn1,4,4,AM,0.1993408203125,0.0036563873291015625,0.745,0.717,0.7397
1,ecnn1,4,4,PM,0.1993408203125,0.0036563873291015625,0.8086,0.704,0.708
1,ecnn1,4,5,AM,0.1993408203125,0.0036563873291015625,0.7993,0.696,0.7534
1,ecnn1,4,5,PM,0.1993408203125,0.0036563873291015625,0.7437,0.6753,0.7183
1,ecnn1,5,3,AM,0.21533203125,0.02911376953125,0.955,0.4387,0.814
1,ecnn1,5,3,PM,0.21533203125,0.02911376953125,0.9546,0.3774,0.6694
1,ecnn1,5,4,AM,0.21533203125,0.02911376953125,0.872,0.576,0.744
1,ecnn1,5,4,PM,0.21533203125,0.02911376953125,0.9478,0.4575,0.7197
1,ecnn1,5,5,AM,0.21533203125,0.02911376953125,0.968,0.4692,0.7427
1,ecnn1,5,5,PM,0.21533203125,0.02911376953125,0.9155,0.4045,0.804
1,ecnn1,6,3,AM,0.22216796875,0.062744140625,0.7495,0.649,0.7124
1,ecnn1,6,3,PM,0.22216796875,0.062744140625,0.93,0.523,0.7163
1,ecnn1,6,4,AM,0.22216796875,0.062744140625,0.8833,0.4824,0.7734
1,ecnn1,6,4,PM,0.22216796875,0.062744140625,0.8228,0.6,0.6943
1,ecnn1,6,5,AM,0.22216796875,0.062744140625,0.2482,0.824,0.573
1,ecnn1,6,5,PM,0.22216796875,0.062744140625,0.654,0.671,0.7476
1,ecnn1,7,3,AM,0.20751953125,0.0777587890625,0.956,0.5215,0.7974
1,ecnn1,7,3,PM,0.20751953125,0.0777587890625,0.9604,0.5234,0.7915
1,ecnn1,7,4,AM,0.20751953125,0.0777587890625,0.7793,0.648,0.8804
1,ecnn1,7,4,PM,0.20751953125,0.0777587890625,0.8423,0.591,0.773
1,ecnn1,7,5,AM,0.20751953125,0.0777587890625,0.955,0.582,0.8647
1,ecnn1,7,5,PM,0.20751953125,0.0777587890625,0.9375,0.598,0.8477
1,ecnn1,8,3,AM,0.200927734375,0.007110595703125,0.4434,0.799,0.7554
1,ecnn1,8,3,PM,0.200927734375,0.007110595703125,0.488,0.6826,0.896
1,ecnn1,8,4,AM,0.200927734375,0.007110595703125,0.8755,0.6143,0.8633
1,ecnn1,8,4,PM,0.200927734375,0.007110595703125,0.802,0.6626,0.86
1,ecnn1,8,5,AM,0.200927734375,0.007110595703125,0.9307,0.4646,0.943
1,ecnn1,8,5,PM,0.200927734375,0.007110595703125,0.59,0.543,0.9463
1,ecnn1,10,3,AM,0.1898193359375,0.003204345703125,0.8154,0.6284,0.7856
1,ecnn1,10,3,PM,0.1898193359375,0.003204345703125,0.8643,0.6753,0.862
1,ecnn1,10,4,AM,0.1898193359375,0.003204345703125,0.873,0.626,0.8945
1,ecnn1,10,4,PM,0.1898193359375,0.003204345703125,0.915,0.4312,0.7236
1,ecnn1,10,5,AM,0.1898193359375,0.003204345703125,0.901,0.6426,0.8223
1,ecnn1,10,5,PM,0.1898193359375,0.003204345703125,0.654,0.73,0.833
1,ecnn2,1,3,AM,0.646484375,0.0029087066650390625,0.935,0.532,0.761
1,ecnn2,1,3,PM,0.646484375,0.0029087066650390625,0.915,0.657,0.8047
1,ecnn2,1,4,AM,0.646484375,0.0029087066650390625,0.947,0.5767,0.6436
1,ecnn2,1,4,PM,0.646484375,0.0029087066650390625,0.9536,0.5474,0.663
1,ecnn2,1,5,AM,0.646484375,0.0029087066650390625,0.9214,0.5405,0.74
1,ecnn2,1,5,PM,0.646484375,0.0029087066650390625,0.9556,0.61,0.6577
1,ecnn2,3,3,AM,0.62060546875,0.00420379638671875,0.902,0.506,0.5996
1,ecnn2,3,3,PM,0.62060546875,0.00420379638671875,0.8423,0.56,0.772
1,ecnn2,3,4,AM,0.62060546875,0.00420379638671875,0.627,0.6553,0.598
1,ecnn2,3,4,PM,0.62060546875,0.00420379638671875,0.837,0.5137,0.7144
1,ecnn2,3,5,AM,0.62060546875,0.00420379638671875,0.7017,0.5596,0.6934
1,ecnn2,3,5,PM,0.62060546875,0.00420379638671875,0.602,0.6665,0.8105
1,ecnn2,4,3,AM,0.52099609375,0.002445220947265625,0.6753,0.5825,0.8633
1,ecnn2,4,3,PM,0.52099609375,0.002445220947265625,0.7783,0.6387,0.808
1,ecnn2,4,4,AM,0.52099609375,0.002445220947265625,0.8525,0.6685,0.8125
1,ecnn2,4,4,PM,0.52099609375,0.002445220947265625,0.833,0.631,0.8003
1,ecnn2,4,5,AM,0.52099609375,0.002445220947265625,0.784,0.6494,0.788
1,ecnn2,4,5,PM,0.52099609375,0.002445220947265625,0.7017,0.661,0.8037
1,ecnn2,5,3,AM,0.68896484375,1.4185905456542969e-05,0.966,0.5093,0.857
1,ecnn2,5,3,PM,0.68896484375,1.4185905456542969e-05,0.9634,0.4045,0.762
1,ecnn2,5,4,AM,0.68896484375,1.4185905456542969e-05,0.894,0.5273,0.8154
1,ecnn2,5,4,PM,0.68896484375,1.4185905456542969e-05,0.9536,0.51,0.823
1,ecnn2,5,5,AM,0.68896484375,1.4185905456542969e-05,0.9463,0.566,0.8228
1,ecnn2,5,5,PM,0.68896484375,1.4185905456542969e-05,0.9453,0.5244,0.865
1,ecnn2,6,3,AM,0.720703125,0.0001589059829711914,0.6963,0.7236,0.6274
1,ecnn2,6,3,PM,0.720703125,0.0001589059829711914,0.9136,0.6416,0.604
1,ecnn2,6,4,AM,0.720703125,0.0001589059829711914,0.834,0.61,0.6426
1,ecnn2,6,4,PM,0.720703125,0.0001589059829711914,0.806,0.702,0.6587
1,ecnn2,6,5,AM,0.720703125,0.0001589059829711914,0.2295,0.8794,0.4604
1,ecnn2,6,5,PM,0.720703125,0.0001589059829711914,0.4805,0.642,0.6196
1,ecnn2,7,3,AM,0.72119140625,3.5762786865234375e-07,0.9346,0.6963,0.7817
1,ecnn2,7,3,PM,0.72119140625,3.5762786865234375e-07,0.941,0.6396,0.7573
1,ecnn2,7,4,AM,0.72119140625,3.5762786865234375e-07,0.7363,0.694,0.709
1,ecnn2,7,4,PM,0.72119140625,3.5762786865234375e-07,0.9346,0.7383,0.79
1,ecnn2,7,5,AM,0.72119140625,3.5762786865234375e-07,0.939,0.7114,0.7964
1,ecnn2,7,5,PM,0.72119140625,3.5762786865234375e-07,0.9067,0.677,0.7744
1,ecnn2,8,3,AM,0.64013671875,0.001605987548828125,0.5605,0.7173,0.83
1,ecnn2,8,3,PM,0.64013671875,0.001605987548828125,0.53,0.741,0.7227
1,ecnn2,8,4,AM,0.64013671875,0.001605987548828125,0.6904,0.589,0.7437
1,ecnn2,8,4,PM,0.64013671875,0.001605987548828125,0.6143,0.6562,0.7104
1,ecnn2,8,5,AM,0.64013671875,0.001605987548828125,0.932,0.6235,0.8687
1,ecnn2,8,5,PM,0.64013671875,0.001605987548828125,0.8315,0.636,0.945
1,ecnn2,10,3,AM,0.434326171875,0.0037822723388671875,0.775,0.681,0.7476
1,ecnn2,10,3,PM,0.434326171875,0.0037822723388671875,0.9355,0.7256,0.8623
1,ecnn2,10,4,AM,0.434326171875,0.0037822723388671875,0.791,0.671,0.851
1,ecnn2,10,4,PM,0.434326171875,0.0037822723388671875,0.9414,0.514,0.823
1,ecnn2,10,5,AM,0.434326171875,0.0037822723388671875,0.935,0.6343,0.854
1,ecnn2,10,5,PM,0.434326171875,0.0037822723388671875,0.7607,0.7705,0.8228
1,ecnn3,1,3,AM,0.33544921875,0.00031256675720214844,0.9053,0.461,0.704
1,ecnn3,1,3,PM,0.33544921875,0.00031256675720214844,0.9146,0.586,0.759
1,ecnn3,1,4,AM,0.33544921875,0.00031256675720214844,0.928,0.4868,0.6
1,ecnn3,1,4,PM,0.33544921875,0.00031256675720214844,0.946,0.4758,0.6123
1,ecnn3,1,5,AM,0.33544921875,0.00031256675720214844,0.952,0.4941,0.688
1,ecnn3,1,5,PM,0.33544921875,0.00031256675720214844,0.9395,0.575,0.6133
1,ecnn3,3,3,AM,0.285400390625,0.00542449951171875,0.899,0.4963,0.5386
1,ecnn3,3,3,PM,0.285400390625,0.00542449951171875,0.8975,0.5454,0.7544
1,ecnn3,3,4,AM,0.285400390625,0.00542449951171875,0.61,0.644,0.636
1,ecnn3,3,4,PM,0.285400390625,0.00542449951171875,0.8228,0.553,0.7393
1,ecnn3,3,5,AM,0.285400390625,0.00542449951171875,0.7334,0.544,0.6743
1,ecnn3,3,5,PM,0.285400390625,0.00542449951171875,0.4233,0.6206,0.7085
1,ecnn3,4,3,AM,0.2239990234375,0.0037479400634765625,0.7056,0.6953,0.703
1,ecnn3,4,3,PM,0.2239990234375,0.0037479400634765625,0.6353,0.76,0.6465
1,ecnn3,4,4,AM,0.2239990234375,0.0037479400634765625,0.6333,0.758,0.6304
1,ecnn3,4,4,PM,0.2239990234375,0.0037479400634765625,0.6553,0.7603,0.5884
1,ecnn3,4,5,AM,0.2239990234375,0.0037479400634765625,0.732,0.7876,0.633
1,ecnn3,4,5,PM,0.2239990234375,0.0037479400634765625,0.6387,0.7773,0.536
1,ecnn3,5,3,AM,0.291259765625,0.0009160041809082031,0.9365,0.4612,0.7803
1,ecnn3,5,3,PM,0.291259765625,0.0009160041809082031,0.9546,0.4087,0.6455
1,ecnn3,5,4,AM,0.291259765625,0.0009160041809082031,0.857,0.568,0.7134
1,ecnn3,5,4,PM,0.291259765625,0.0009160041809082031,0.9463,0.4578,0.7466
1,ecnn3,5,5,AM,0.291259765625,0.0009160041809082031,0.9453,0.4763,0.7676
1,ecnn3,5,5,PM,0.291259765625,0.0009160041809082031,0.9204,0.4385,0.7983
1,ecnn3,6,3,AM,0.309814453125,0.0013790130615234375,0.706,0.6606,0.7188
1,ecnn3,6,3,PM,0.309814453125,0.0013790130615234375,0.9414,0.544,0.687
1,ecnn3,6,4,AM,0.309814453125,0.0013790130615234375,0.855,0.507,0.7427
1,ecnn3,6,4,PM,0.309814453125,0.0013790130615234375,0.8394,0.616,0.6724
1,ecnn3,6,5,AM,0.309814453125,0.0013790130615234375,0.2211,0.8325,0.488
1,ecnn3,6,5,PM,0.309814453125,0.0013790130615234375,0.5786,0.702,0.701
1,ecnn3,7,3,AM,0.350830078125,0.00031495094299316406,0.9375,0.574,0.754
1,ecnn3,7,3,PM,0.350830078125,0.00031495094299316406,0.93,0.5522,0.7397
1,ecnn3,7,4,AM,0.350830078125,0.00031495094299316406,0.7114,0.704,0.7827
1,ecnn3,7,4,PM,0.350830078125,0.00031495094299316406,0.825,0.6035,0.7314
1,ecnn3,7,5,AM,0.350830078125,0.00031495094299316406,0.8633,0.6304,0.8125
1,ecnn3,7,5,PM,0.350830078125,0.00031495094299316406,0.838,0.6304,0.7783
1,ecnn3,8,3,AM,0.2607421875,0.0167999267578125,0.398,0.832,0.6455
1,ecnn3,8,3,PM,0.2607421875,0.0167999267578125,0.5884,0.6836,0.792
1,ecnn3,8,4,AM,0.2607421875,0.0167999267578125,0.843,0.5884,0.8374
1,ecnn3,8,4,PM,0.2607421875,0.0167999267578125,0.829,0.623,0.833
1,ecnn3,8,5,AM,0.2607421875,0.0167999267578125,0.859,0.55,0.924
1,ecnn3,8,5,PM,0.2607421875,0.0167999267578125,0.8,0.5596,0.9546
1,ecnn3,10,3,AM,0.368896484375,0.0008893013000488281,0.68,0.7207,0.668
1,ecnn3,10,3,PM,0.368896484375,0.0008893013000488281,0.752,0.6987,0.7676
1,ecnn3,10,4,AM,0.368896484375,0.0008893013000488281,0.7334,0.6924,0.7866
1,ecnn3,10,4,PM,0.368896484375,0.0008893013000488281,0.8633,0.5347,0.6055
1,ecnn3,10,5,AM,0.368896484375,0.0008893013000488281,0.8037,0.6504,0.718
1,ecnn3,10,5,PM,0.368896484375,0.0008893013000488281,0.644,0.7393,0.786
2,ecnn1,1,3,AM,0.1939697265625,0.055633544921875,,0.3406,1.0
2,ecnn1,1,3,PM,0.1939697265625,0.055633544921875,,0.5454,1.0
2,ecnn1,1,4,AM,0.1939697265625,0.055633544921875,,0.2686,1.0
2,ecnn1,1,4,PM,0.1939697265625,0.055633544921875,,0.2808,1.0
2,ecnn1,1,5,AM,0.1939697265625,0.055633544921875,,0.3564,1.0
2,ecnn1,1,5,PM,0.1939697265625,0.055633544921875,,0.347,1.0
2,ecnn1,3,3,AM,0.2099609375,0.0177764892578125,0.957,0.3865,0.698
2,ecnn1,3,3,PM,0.2099609375,0.0177764892578125,0.948,0.509,0.821
2,ecnn1,3,4,AM,0.2099609375,0.0177764892578125,0.7017,0.5645,0.8306
2,ecnn1,3,4,PM,0.2099609375,0.0177764892578125,0.876,0.504,0.819
2,ecnn1,3,5,AM,0.2099609375,0.0177764892578125,0.753,0.4946,0.8364
2,ecnn1,3,5,PM,0.2099609375,0.0177764892578125,0.476,0.623,0.9277
2,ecnn1,4,3,AM,0.193115234375,0.0001392364501953125,0.758,0.617,0.8584
2,ecnn1,4,3,PM,0.193115234375,0.0001392364501953125,0.761,0.6875,0.8154
2,ecnn1,4,4,AM,0.193115234375,0.0001392364501953125,0.823,0.7036,0.796
2,ecnn1,4,4,PM,0.193115234375,0.0001392364501953125,0.836,0.695,0.7485
2,ecnn1,4,5,AM,0.193115234375,0.0001392364501953125,0.8257,0.683,0.7944
2,ecnn1,4,5,PM,0.193115234375,0.0001392364501953125,0.727,0.6763,0.7495
2,ecnn1,5,3,AM,0.2427978515625,0.064208984375,0.927,0.4905,0.7583
2,ecnn1,5,3,PM,0.2427978515625,0.064208984375,0.9375,0.4185,0.622
2,ecnn1,5,4,AM,0.2427978515625,0.064208984375,0.812,0.6396,0.6826
2,ecnn1,5,4,PM,0.2427978515625,0.064208984375,0.9297,0.4834,0.6836
2,ecnn1,5,5,AM,0.2427978515625,0.064208984375,0.9272,0.4995,0.687
2,ecnn1,5,5,PM,0.2427978515625,0.064208984375,0.916,0.444,0.752
2,ecnn1,6,3,AM,0.1849365234375,0.04541015625,0.794,0.5977,0.811
2,ecnn1,6,3,PM,0.1849365234375,0.04541015625,0.9595,0.4575,0.8125
2,ecnn1,6,4,AM,0.1849365234375,0.04541015625,0.8706,0.4443,0.858
2,ecnn1,6,4,PM,0.1849365234375,0.04541015625,0.857,0.501,0.828
2,ecnn1,6,5,AM,0.1849365234375,0.04541015625,0.2139,0.7295,0.725
2,ecnn1,6,5,PM,0.1849365234375,0.04541015625,0.7446,0.5903,0.8545
2,ecnn1,7,3,AM,0.220458984375,0.0166473388671875,0.951,0.5186,0.7837
2,ecnn1,7,3,PM,0.220458984375,0.0166473388671875,0.9546,0.526,0.7773
2,ecnn1,7,4,AM,0.220458984375,0.0166473388671875,0.7593,0.6323,0.8496
2,ecnn1,7,4,PM,0.220458984375,0.0166473388671875,0.811,0.5938,0.7427
2,ecnn1,7,5,AM,0.220458984375,0.0166473388671875,0.9116,0.604,0.837
2,ecnn1,7,5,PM,0.220458984375,0.0166473388671875,0.9077,0.5986,0.826
2,ecnn1,8,3,AM,0.196044921875,0.002017974853515625,0.546,0.748,0.818
2,ecnn1,8,3,PM,0.196044921875,0.002017974853515625,0.4253,0.665,0.909
2,ecnn1,8,4,AM,0.196044921875,0.002017974853515625,0.943,0.5356,0.887
2,ecnn1,8,4,PM,0.196044921875,0.002017974853515625,0.885,0.5923,0.9165
2,ecnn1,8,5,AM,0.196044921875,0.002017974853515625,0.9395,0.4734,0.9565
2,ecnn1,8,5,PM,0.196044921875,0.002017974853515625,0.6978,0.5493,0.949
2,ecnn1,10,3,AM,0.201904296875,0.00400543212890625,0.803,0.6797,0.77
2,ecnn1,10,3,PM,0.201904296875,0.00400543212890625,0.8413,0.678,0.859
2,ecnn1,10,4,AM,0.201904296875,0.00400543212890625,0.864,0.6416,0.876
2,ecnn1,10,4,PM,0.201904296875,0.00400543212890625,0.9043,0.4468,0.7363
2,ecnn1,10,5,AM,0.201904296875,0.00400543212890625,0.9062,0.6323,0.8135
2,ecnn1,10,5,PM,0.201904296875,0.00400543212890625,0.6685,0.7573,0.814
2,ecnn2,1,3,AM,0.6357421875,0.00556182861328125,0.932,0.5376,0.7393
2,ecnn2,1,3,PM,0.6357421875,0.00556182861328125,0.8574,0.6943,0.7954
2,ecnn2,1,4,AM,0.6357421875,0.00556182861328125,0.969,0.5054,0.6436
2,ecnn2,1,4,PM,0.6357421875,0.00556182861328125,0.921,0.564,0.666
2,ecnn2,1,5,AM,0.6357421875,0.00556182861328125,0.896,0.526,0.7456
2,ecnn2,1,5,PM,0.6357421875,0.00556182861328125,0.948,0.6553,0.666
2,ecnn2,3,3,AM,0.50927734375,0.01517486572265625,0.9204,0.4678,0.736
2,ecnn2,3,3,PM,0.50927734375,0.01517486572265625,0.91,0.629,0.839
2,ecnn2,3,4,AM,0.50927734375,0.01517486572265625,0.753,0.6724,0.683
2,ecnn2,3,4,PM,0.50927734375,0.01517486572265625,0.737,0.6494,0.7803
2,ecnn2,3,5,AM,0.50927734375,0.01517486572265625,0.72,0.6206,0.8306
2,ecnn2,3,5,PM,0.50927734375,0.01517486572265625,0.64,0.714,0.8403
2,ecnn2,4,3,AM,0.416015625,0.0250244140625,0.669,0.568,0.9014
2,ecnn2,4,3,PM,0.416015625,0.0250244140625,0.849,0.6206,0.882
2,ecnn2,4,4,AM,0.416015625,0.0250244140625,0.8364,0.562,0.8774
2,ecnn2,4,4,PM,0.416015625,0.0250244140625,0.9385,0.53,0.86
2,ecnn2,4,5,AM,0.416015625,0.0250244140625,0.752,0.546,0.8735
2,ecnn2,4,5,PM,0.416015625,0.0250244140625,0.871,0.6494,0.894
2,ecnn2,5,3,AM,0.71484375,2.384185791015625e-07,0.979,0.4856,0.9497
2,ecnn2,5,3,PM,0.71484375,2.384185791015625e-07,0.9756,0.37,0.9062
2,ecnn2,5,4,AM,0.71484375,2.384185791015625e-07,0.891,0.5737,0.9067
2,ecnn2,5,4,PM,0.71484375,2.384185791015625e-07,0.9917,0.4807,0.9097
2,ecnn2,5,5,AM,0.71484375,2.384185791015625e-07,0.9824,0.4995,0.9106
2,ecnn2,5,5,PM,0.71484375,2.384185791015625e-07,0.9673,0.5083,0.9106
2,ecnn2,6,3,AM,0.685546875,0.0004799365997314453,0.731,0.7437,0.6743
2,ecnn2,6,3,PM,0.685546875,0.0004799365997314453,0.929,0.631,0.6567
2,ecnn2,6,4,AM,0.685546875,0.0004799365997314453,0.862,0.6377,0.6924
2,ecnn2,6,4,PM,0.685546875,0.0004799365997314453,0.7563,0.744,0.6836
2,ecnn2,6,5,AM,0.685546875,0.0004799365997314453,0.2415,0.8276,0.6313
2,ecnn2,6,5,PM,0.685546875,0.0004799365997314453,0.5137,0.712,0.6772
2,ecnn2,7,3,AM,0.759765625,5.245208740234375e-06,0.932,0.7183,0.783
2,ecnn2,7,3,PM,0.759765625,5.245208740234375e-06,0.929,0.691,0.7534
2,ecnn2,7,4,AM,0.759765625,5.245208740234375e-06,0.712,0.73,0.726
2,ecnn2,7,4,PM,0.759765625,5.245208740234375e-06,0.94,0.731,0.7935
2,ecnn2,7,5,AM,0.759765625,5.245208740234375e-06,0.919,0.6914,0.7964
2,ecnn2,7,5,PM,0.759765625,5.245208740234375e-06,0.9043,0.694,0.78
2,ecnn2,8,3,AM,0.59765625,0.0008502006530761719,0.605,0.707,0.8545
2,ecnn2,8,3,PM,0.59765625,0.0008502006530761719,0.535,0.731,0.7847
2,ecnn2,8,4,AM,0.59765625,0.0008502006530761719,0.6772,0.586,0.7734
2,ecnn2,8,4,PM,0.59765625,0.0008502006530761719,0.5938,0.6323,0.795
2,ecnn2,8,5,AM,0.59765625,0.0008502006530761719,0.9585,0.602,0.8975
2,ecnn2,8,5,PM,0.59765625,0.0008502006530761719,0.851,0.6064,0.9404
2,ecnn2,10,3,AM,0.560546875,0.0006890296936035156,0.812,0.6763,0.7544
2,ecnn2,10,3,PM,0.560546875,0.0006890296936035156,0.795,0.6616,0.847
2,ecnn2,10,4,AM,0.560546875,0.0006890296936035156,0.815,0.678,0.834
2,ecnn2,10,4,PM,0.560546875,0.0006890296936035156,0.8926,0.462,0.7603
2,ecnn2,10,5,AM,0.560546875,0.0006890296936035156,0.8745,0.5967,0.8037
2,ecnn2,10,5,PM,0.560546875,0.0006890296936035156,0.7812,0.7495,0.8125
2,ecnn3,1,3,AM,0.3271484375,0.0002586841583251953,0.9224,0.454,0.6875
2,ecnn3,1,3,PM,0.3271484375,0.0002586841583251953,0.942,0.552,0.742
2,ecnn3,1,4,AM,0.3271484375,0.0002586841583251953,0.9414,0.4514,0.59
2,ecnn3,1,4,PM,0.3271484375,0.0002586841583251953,0.946,0.4739,0.5835
2,ecnn3,1,5,AM,0.3271484375,0.0002586841583251953,0.9395,0.494,0.6763
2,ecnn3,1,5,PM,0.3271484375,0.0002586841583251953,0.938,0.5796,0.606
2,ecnn3,3,3,AM,0.294677734375,0.00621795654296875,0.909,0.502,0.5854
2,ecnn3,3,3,PM,0.294677734375,0.00621795654296875,0.8154,0.695,0.752
2,ecnn3,3,4,AM,0.294677734375,0.00621795654296875,0.5645,0.667,0.6245
2,ecnn3,3,4,PM,0.294677734375,0.00621795654296875,0.7666,0.5903,0.754
2,ecnn3,3,5,AM,0.294677734375,0.00621795654296875,0.704,0.547,0.7017
2,ecnn3,3,5,PM,0.294677734375,0.00621795654296875,0.4834,0.5854,0.837
2,ecnn3,4,3,AM,0.2418212890625,0.0019664764404296875,0.6045,0.7236,0.656
2,ecnn3,4,3,PM,0.2418212890625,0.0019664764404296875,0.5845,0.771,0.595
2,ecnn3,4,4,AM,0.2418212890625,0.0019664764404296875,0.5537,0.7695,0.5776
2,ecnn3,4,4,PM,0.2418212890625,0.0019664764404296875,0.5933,0.778,0.5337
2,ecnn3,4,5,AM,0.2418212890625,0.0019664764404296875,0.638,0.807,0.576
2,ecnn3,4,5,PM,0.2418212890625,0.0019664764404296875,0.629,0.7915,0.5356
2,ecnn3,5,3,AM,0.333984375,0.0032215118408203125,0.9185,0.4856,0.7095
2,ecnn3,5,3,PM,0.333984375,0.0032215118408203125,0.9414,0.428,0.5737
2,ecnn3,5,4,AM,0.333984375,0.0032215118408203125,0.762,0.613,0.6504
2,ecnn3,5,4,PM,0.333984375,0.0032215118408203125,0.925,0.506,0.6323
2,ecnn3,5,5,AM,0.333984375,0.0032215118408203125,0.9233,0.5015,0.677
2,ecnn3,5,5,PM,0.333984375,0.0032215118408203125,0.893,0.4968,0.703
2,ecnn3,6,3,AM,0.32861328125,0.0019083023071289062,0.7373,0.672,0.7
2,ecnn3,6,3,PM,0.32861328125,0.0019083023071289062,0.9385,0.5547,0.6436
2,ecnn3,6,4,AM,0.32861328125,0.0019083023071289062,0.852,0.4805,0.7046
2,ecnn3,6,4,PM,0.32861328125,0.0019083023071289062,0.812,0.6553,0.641
2,ecnn3,6,5,AM,0.32861328125,0.0019083023071289062,0.2216,0.763,0.5845
2,ecnn3,6,5,PM,0.32861328125,0.0019083023071289062,0.6123,0.687,0.6973
2,ecnn3,7,3,AM,0.294677734375,4.57763671875e-05,0.91,0.558,0.729
2,ecnn3,7,3,PM,0.294677734375,4.57763671875e-05,0.9307,0.541,0.7153
2,ecnn3,7,4,AM,0.294677734375,4.57763671875e-05,0.77,0.684,0.7754
2,ecnn3,7,4,PM,0.294677734375,4.57763671875e-05,0.735,0.624,0.6636
2,ecnn3,7,5,AM,0.294677734375,4.57763671875e-05,0.844,0.6274,0.794
2,ecnn3,7,5,PM,0.294677734375,4.57763671875e-05,0.846,0.645,0.76
2,ecnn3,8,3,AM,0.259765625,0.0015001296997070312,0.366,0.8613,0.667
2,ecnn3,8,3,PM,0.259765625,0.0015001296997070312,0.578,0.729,0.7593
2,ecnn3,8,4,AM,0.259765625,0.0015001296997070312,0.819,0.598,0.824
2,ecnn3,8,4,PM,0.259765625,0.0015001296997070312,0.8765,0.5894,0.8354
2,ecnn3,8,5,AM,0.259765625,0.0015001296997070312,0.903,0.5835,0.9272
2,ecnn3,8,5,PM,0.259765625,0.0015001296997070312,0.3423,0.591,0.8823
2,ecnn3,10,3,AM,0.343994140625,0.0007457733154296875,0.704,0.6743,0.66
2,ecnn3,10,3,PM,0.343994140625,0.0007457733154296875,0.792,0.6885,0.781
2,ecnn3,10,4,AM,0.343994140625,0.0007457733154296875,0.8066,0.644,0.8276
2,ecnn3,10,4,PM,0.343994140625,0.0007457733154296875,0.8887,0.5317,0.6216
2,ecnn3,10,5,AM,0.343994140625,0.0007457733154296875,0.851,0.6455,0.747
2,ecnn3,10,5,PM,0.343994140625,0.0007457733154296875,0.705,0.7417,0.8394
3,ecnn1,1,3,AM,0.1898193359375,0.0721435546875,,0.3281,1.0
3,ecnn1,1,3,PM,0.1898193359375,0.0721435546875,,0.58,1.0
3,ecnn1,1,4,AM,0.1898193359375,0.0721435546875,,0.2773,1.0
3,ecnn1,1,4,PM,0.1898193359375,0.0721435546875,,0.2996,1.0
3,ecnn1,1,5,AM,0.1898193359375,0.0721435546875,,0.3535,1.0
3,ecnn1,1,5,PM,0.1898193359375,0.0721435546875,,0.3494,1.0
3,ecnn1,3,3,AM,0.2147216796875,0.030853271484375,0.9497,0.3906,0.7354
3,ecnn1,3,3,PM,0.2147216796875,0.030853271484375,0.9097,0.609,0.8306
3,ecnn1,3,4,AM,0.2147216796875,0.030853271484375,0.703,0.583,0.854
3,ecnn1,3,4,PM,0.2147216796875,0.030853271484375,0.8823,0.5063,0.8413
3,ecnn1,3,5,AM,0.2147216796875,0.030853271484375,0.7,0.4604,0.875
3,ecnn1,3,5,PM,0.2147216796875,0.030853271484375,0.5376,0.612,0.9155
3,ecnn1,4,3,AM,0.2054443359375,0.0011453628540039062,0.6416,0.653,0.75
3,ecnn1,4,3,PM,0.2054443359375,0.0011453628540039062,0.654,0.734,0.7104
3,ecnn1,4,4,AM,0.2054443359375,0.0011453628540039062,0.683,0.737,0.708
3,ecnn1,4,4,PM,0.2054443359375,0.0011453628540039062,0.733,0.741,0.67
3,ecnn1,4,5,AM,0.2054443359375,0.0011453628540039062,0.7256,0.7446,0.6934
3,ecnn1,4,5,PM,0.2054443359375,0.0011453628540039062,0.72,0.7314,0.6763
3,ecnn1,5,3,AM,0.2213134765625,0.032135009765625,0.9463,0.45,0.788
3,ecnn1,5,3,PM,0.2213134765625,0.032135009765625,0.9434,0.3877,0.641
3,ecnn1,5,4,AM,0.2213134765625,0.032135009765625,0.828,0.58,0.7446
3,ecnn1,5,4,PM,0.2213134765625,0.032135009765625,0.9346,0.4788,0.6895
3,ecnn1,5,5,AM,0.2213134765625,0.032135009765625,0.9614,0.4895,0.7095
3,ecnn1,5,5,PM,0.2213134765625,0.032135009765625,0.9272,0.4377,0.7725
3,ecnn1,6,3,AM,0.19189453125,0.07244873046875,0.774,0.612,0.8315
3,ecnn1,6,3,PM,0.19189453125,0.07244873046875,0.966,0.455,0.809
3,ecnn1,6,4,AM,0.19189453125,0.07244873046875,0.8726,0.4224,0.857
3,ecnn1,6,4,PM,0.19189453125,0.07244873046875,0.8545,0.5874,0.839
3,ecnn1,6,5,AM,0.19189453125,0.07244873046875,0.2974,0.7847,0.7646
3,ecnn1,6,5,PM,0.19189453125,0.07244873046875,0.754,0.6904,0.824
3,ecnn1,7,3,AM,0.2178955078125,0.06707763671875,0.957,0.54,0.7856
3,ecnn1,7,3,PM,0.2178955078125,0.06707763671875,0.9517,0.5273,0.786
3,ecnn1,7,4,AM,0.2178955078125,0.06707763671875,0.803,0.647,0.8774
3,ecnn1,7,4,PM,0.2178955078125,0.06707763671875,0.85,0.6016,0.767
3,ecnn1,7,5,AM,0.2178955078125,0.06707763671875,0.918,0.596,0.855
3,ecnn1,7,5,PM,0.2178955078125,0.06707763671875,0.8833,0.605,0.842
3,ecnn1,8,3,AM,0.198974609375,0.068603515625,0.5728,0.759,0.843
3,ecnn1,8,3,PM,0.198974609375,0.068603515625,0.447,0.654,0.912
3,ecnn1,8,4,AM,0.198974609375,0.068603515625,0.934,0.5576,0.889
3,ecnn1,8,4,PM,0.198974609375,0.068603515625,0.9014,0.618,0.915
3,ecnn1,8,5,AM,0.198974609375,0.068603515625,0.945,0.48,0.953
3,ecnn1,8,5,PM,0.198974609375,0.068603515625,0.7075,0.5537,0.922
3,ecnn1,10,3,AM,0.1846923828125,0.006298065185546875,0.852,0.6553,0.8027
3,ecnn1,10,3,PM,0.1846923828125,0.006298065185546875,0.8613,0.668,0.877
3,ecnn1,10,4,AM,0.1846923828125,0.006298065185546875,0.8984,0.62,0.8984
3,ecnn1,10,4,PM,0.1846923828125,0.006298065185546875,0.896,0.452,0.769
3,ecnn1,10,5,AM,0.1846923828125,0.006298065185546875,0.9336,0.6304,0.8384
3,ecnn1,10,5,PM,0.1846923828125,0.006298065185546875,0.7666,0.757,0.84
3,ecnn2,1,3,AM,0.35205078125,0.0032787322998046875,0.9043,0.5117,0.7876
3,ecnn2,1,3,PM,0.35205078125,0.0032787322998046875,0.7954,0.709,0.786
3,ecnn2,1,4,AM,0.35205078125,0.0032787322998046875,0.9614,0.55,0.6787
3,ecnn2,1,4,PM,0.35205078125,0.0032787322998046875,0.9434,0.5386,0.685
3,ecnn2,1,5,AM,0.35205078125,0.0032787322998046875,0.8965,0.5703,0.753
3,ecnn2,1,5,PM,0.35205078125,0.0032787322998046875,0.934,0.6357,0.6465
3,ecnn2,3,3,AM,0.5361328125,0.0013141632080078125,0.924,0.5073,0.653
3,ecnn2,3,3,PM,0.5361328125,0.0013141632080078125,0.9536,0.58,0.7964
3,ecnn2,3,4,AM,0.5361328125,0.0013141632080078125,0.6772,0.7285,0.6914
3,ecnn2,3,4,PM,0.5361328125,0.0013141632080078125,0.8486,0.5415,0.7803
3,ecnn2,3,5,AM,0.5361328125,0.0013141632080078125,0.7026,0.5566,0.784
3,ecnn2,3,5,PM,0.5361328125,0.0013141632080078125,0.7188,0.633,0.863
3,ecnn2,4,3,AM,0.56884765625,0.0037097930908203125,0.5747,0.647,0.7573
3,ecnn2,4,3,PM,0.56884765625,0.0037097930908203125,0.611,0.7085,0.7124
3,ecnn2,4,4,AM,0.56884765625,0.0037097930908203125,0.696,0.7637,0.7134
3,ecnn2,4,4,PM,0.56884765625,0.0037097930908203125,0.6865,0.742,0.6875
3,ecnn2,4,5,AM,0.56884765625,0.0037097930908203125,0.689,0.7437,0.7026
3,ecnn2,4,5,PM,0.56884765625,0.0037097930908203125,0.592,0.682,0.722
3,ecnn2,5,3,AM,0.74169921875,8.344650268554688e-07,0.96,0.4563,0.949
3,ecnn2,5,3,PM,0.74169921875,8.344650268554688e-07,0.9697,0.3738,0.8706
3,ecnn2,5,4,AM,0.74169921875,8.344650268554688e-07,0.908,0.515,0.8833
3,ecnn2,5,4,PM,0.74169921875,8.344650268554688e-07,0.954,0.4426,0.9336
3,ecnn2,5,5,AM,0.74169921875,8.344650268554688e-07,0.9644,0.4722,0.9443
3,ecnn2,5,5,PM,0.74169921875,8.344650268554688e-07,0.9497,0.4714,0.9478
3,ecnn2,6,3,AM,0.62548828125,4.267692565917969e-05,0.7075,0.744,0.6675
3,ecnn2,6,3,PM,0.62548828125,4.267692565917969e-05,0.8984,0.614,0.663
3,ecnn2,6,4,AM,0.62548828125,4.267692565917969e-05,0.8423,0.605,0.719
3,ecnn2,6,4,PM,0.62548828125,4.267692565917969e-05,0.8125,0.7017,0.734
3,ecnn2,6,5,AM,0.62548828125,4.267692565917969e-05,0.2357,0.8496,0.4622
3,ecnn2,6,5,PM,0.62548828125,4.267692565917969e-05,0.4668,0.6855,0.64
3,ecnn2,7,3,AM,0.90283203125,2.759695053100586e-05,0.93,0.763,0.79
3,ecnn2,7,3,PM,0.90283203125,2.759695053100586e-05,0.929,0.7163,0.7617
3,ecnn2,7,4,AM,0.90283203125,2.759695053100586e-05,0.5938,0.7544,0.676
3,ecnn2,7,4,PM,0.90283203125,2.759695053100586e-05,0.9316,0.7896,0.8
3,ecnn2,7,5,AM,0.90283203125,2.759695053100586e-05,0.939,0.7524,0.8193
3,ecnn2,7,5,PM,0.90283203125,2.759695053100586e-05,0.907,0.732,0.791
3,ecnn2,8,3,AM,0.62109375,0.00041794776916503906,0.6147,0.6494,0.9033
3,ecnn2,8,3,PM,0.62109375,0.00041794776916503906,0.4683,0.736,0.803
3,ecnn2,8,4,AM,0.62109375,0.00041794776916503906,0.702,0.5854,0.79
3,ecnn2,8,4,PM,0.62109375,0.00041794776916503906,0.642,0.6826,0.7573
3,ecnn2,8,5,AM,0.62109375,0.00041794776916503906,0.925,0.6196,0.8774
3,ecnn2,8,5,PM,0.62109375,0.00041794776916503906,0.8677,0.554,0.9365
3,ecnn2,10,3,AM,0.450927734375,0.0029048919677734375,0.774,0.681,0.7393
3,ecnn2,10,3,PM,0.450927734375,0.0029048919677734375,0.836,0.7183,0.843
3,ecnn2,10,4,AM,0.450927734375,0.0029048919677734375,0.7783,0.6553,0.8345
3,ecnn2,10,4,PM,0.450927734375,0.0029048919677734375,0.921,0.545,0.7886
3,ecnn2,10,5,AM,0.450927734375,0.0029048919677734375,0.8706,0.6084,0.823
3,ecnn2,10,5,PM,0.450927734375,0.0029048919677734375,0.748,0.7715,0.784
3,ecnn3,1,3,AM,0.398193359375,3.534555435180664e-05,0.9395,0.4502,0.716
3,ecnn3,1,3,PM,0.398193359375,3.534555435180664e-05,0.889,0.64,0.7515
3,ecnn3,1,4,AM,0.398193359375,3.534555435180664e-05,0.9634,0.4968,0.604
3,ecnn3,1,4,PM,0.398193359375,3.534555435180664e-05,0.919,0.485,0.636
3,ecnn3,1,5,AM,0.398193359375,3.534555435180664e-05,0.921,0.508,0.703
3,ecnn3,1,5,PM,0.398193359375,3.534555435180664e-05,0.933,0.5693,0.6133
3,ecnn3,3,3,AM,0.28515625,0.006603240966796875,0.9004,0.4868,0.5825
3,ecnn3,3,3,PM,0.28515625,0.006603240966796875,0.8706,0.576,0.7637
3,ecnn3,3,4,AM,0.28515625,0.006603240966796875,0.5317,0.7363,0.571
3,ecnn3,3,4,PM,0.28515625,0.006603240966796875,0.8345,0.5386,0.722
3,ecnn3,3,5,AM,0.28515625,0.006603240966796875,0.682,0.5527,0.654
3,ecnn3,3,5,PM,0.28515625,0.006603240966796875,0.4956,0.596,0.8184
3,ecnn3,4,3,AM,0.2431640625,0.00024628639221191406,0.712,0.669,0.7236
3,ecnn3,4,3,PM,0.2431640625,0.00024628639221191406,0.643,0.7437,0.6587
3,ecnn3,4,4,AM,0.2431640625,0.00024628639221191406,0.6772,0.762,0.657
3,ecnn3,4,4,PM,0.2431640625,0.00024628639221191406,0.686,0.769,0.607
3,ecnn3,4,5,AM,0.2431640625,0.00024628639221191406,0.7207,0.7715,0.6343
3,ecnn3,4,5,PM,0.2431640625,0.00024628639221191406,0.701,0.735,0.6196
3,ecnn3,5,3,AM,0.295166015625,0.0019330978393554688,0.946,0.471,0.7676
3,ecnn3,5,3,PM,0.295166015625,0.0019330978393554688,0.95,0.4138,0.6157
3,ecnn3,5,4,AM,0.295166015625,0.0019330978393554688,0.8433,0.615,0.708
3,ecnn3,5,4,PM,0.295166015625,0.0019330978393554688,0.9233,0.477,0.682
3,ecnn3,5,5,AM,0.295166015625,0.0019330978393554688,0.9355,0.501,0.7134
3,ecnn3,5,5,PM,0.295166015625,0.0019330978393554688,0.9194,0.4375,0.77
3,ecnn3,6,3,AM,0.36865234375,0.0011348724365234375,0.696,0.677,0.6943
3,ecnn3,6,3,PM,0.36865234375,0.0011348724365234375,0.935,0.566,0.6655
3,ecnn3,6,4,AM,0.36865234375,0.0011348724365234375,0.829,0.5083,0.7007
3,ecnn3,6,4,PM,0.36865234375,0.0011348724365234375,0.7812,0.659,0.6646
3,ecnn3,6,5,AM,0.36865234375,0.0011348724365234375,0.243,0.8203,0.5664
3,ecnn3,6,5,PM,0.36865234375,0.0011348724365234375,0.5913,0.714,0.696
3,ecnn3,7,3,AM,0.35888671875,5.125999450683594e-05,0.9214,0.5693,0.736
3,ecnn3,7,3,PM,0.35888671875,5.125999450683594e-05,0.9297,0.5454,0.7085
3,ecnn3,7,4,AM,0.35888671875,5.125999450683594e-05,0.6934,0.699,0.733
3,ecnn3,7,4,PM,0.35888671875,5.125999450683594e-05,0.753,0.626,0.682
3,ecnn3,7,5,AM,0.35888671875,5.125999450683594e-05,0.7983,0.6357,0.7793
3,ecnn3,7,5,PM,0.35888671875,5.125999450683594e-05,0.818,0.6367,0.759
3,ecnn3,8,3,AM,0.265625,0.0263671875,0.4204,0.8076,0.6636
3,ecnn3,8,3,PM,0.265625,0.0263671875,0.568,0.7104,0.769
3,ecnn3,8,4,AM,0.265625,0.0263671875,0.807,0.61,0.8
3,ecnn3,8,4,PM,0.265625,0.0263671875,0.8115,0.6416,0.7803
3,ecnn3,8,5,AM,0.265625,0.0263671875,0.8765,0.55,0.925
3,ecnn3,8,5,PM,0.265625,0.0263671875,0.835,0.577,0.946
3,ecnn3,10,3,AM,0.44921875,0.0018110275268554688,0.7266,0.6777,0.694
3,ecnn3,10,3,PM,0.44921875,0.0018110275268554688,0.7725,0.697,0.796
3,ecnn3,10,4,AM,0.44921875,0.0018110275268554688,0.748,0.6606,0.8003
3,ecnn3,10,4,PM,0.44921875,0.0018110275268554688,0.9004,0.4783,0.7114
3,ecnn3,10,5,AM,0.44921875,0.0018110275268554688,0.8706,0.6416,0.764
3,ecnn3,10,5,PM,0.44921875,0.0018110275268554688,0.657,0.715,0.787
4,ecnn1,1,3,AM,0.18408203125,0.079833984375,,0.3633,1.0
4,ecnn1,1,3,PM,0.18408203125,0.079833984375,,0.565,1.0
4,ecnn1,1,4,AM,0.18408203125,0.079833984375,,0.2742,1.0
4,ecnn1,1,4,PM,0.18408203125,0.079833984375,,0.301,1.0
4,ecnn1,1,5,AM,0.18408203125,0.079833984375,,0.3564,1.0
4,ecnn1,1,5,PM,0.18408203125,0.079833984375,,0.3513,1.0
4,ecnn1,3,3,AM,0.2122802734375,0.0286102294921875,0.9517,0.3958,0.756
4,ecnn1,3,3,PM,0.2122802734375,0.0286102294921875,0.9565,0.4543,0.8394
4,ecnn1,3,4,AM,0.2122802734375,0.0286102294921875,0.7163,0.6294,0.8394
4,ecnn1,3,4,PM,0.2122802734375,0.0286102294921875,0.8813,0.5166,0.853
4,ecnn1,3,5,AM,0.2122802734375,0.0286102294921875,0.6675,0.4414,0.9033
4,ecnn1,3,5,PM,0.2122802734375,0.0286102294921875,0.538,0.594,0.9375
4,ecnn1,4,3,AM,0.200439453125,0.002002716064453125,0.8506,0.572,0.9062
4,ecnn1,4,3,PM,0.200439453125,0.002002716064453125,0.845,0.6294,0.863
4,ecnn1,4,4,AM,0.200439453125,0.002002716064453125,0.8843,0.613,0.8447
4,ecnn1,4,4,PM,0.200439453125,0.002002716064453125,0.8896,0.581,0.7935
4,ecnn1,4,5,AM,0.200439453125,0.002002716064453125,0.862,0.588,0.84
4,ecnn1,4,5,PM,0.200439453125,0.002002716064453125,0.7754,0.6406,0.8247
4,ecnn1,5,3,AM,0.215576171875,0.0156402587890625,0.936,0.4487,0.8096
4,ecnn1,5,3,PM,0.215576171875,0.0156402587890625,0.9395,0.4104,0.68
4,ecnn1,5,4,AM,0.215576171875,0.0156402587890625,0.8325,0.571,0.7437
4,ecnn1,5,4,PM,0.215576171875,0.0156402587890625,0.945,0.4553,0.732
4,ecnn1,5,5,AM,0.215576171875,0.0156402587890625,0.957,0.4858,0.7446
4,ecnn1,5,5,PM,0.215576171875,0.0156402587890625,0.9507,0.4087,0.8276
4,ecnn1,6,3,AM,0.193603515625,0.00388336181640625,0.781,0.592,0.796
4,ecnn1,6,3,PM,0.193603515625,0.00388336181640625,0.9697,0.46,0.7935
4,ecnn1,6,4,AM,0.193603515625,0.00388336181640625,0.8667,0.4377,0.8354
4,ecnn1,6,4,PM,0.193603515625,0.00388336181640625,0.839,0.57,0.7915
4,ecnn1,6,5,AM,0.193603515625,0.00388336181640625,0.236,0.743,0.7295
4,ecnn1,6,5,PM,0.193603515625,0.00388336181640625,0.76,0.5923,0.841
4,ecnn1,7,3,AM,0.192138671875,0.065673828125,0.972,0.5146,0.835
4,ecnn1,7,3,PM,0.192138671875,0.065673828125,0.9746,0.5063,0.8315
4,ecnn1,7,4,AM,0.192138671875,0.065673828125,0.8413,0.619,0.9155
4,ecnn1,7,4,PM,0.192138671875,0.065673828125,0.8447,0.5825,0.8047
4,ecnn1,7,5,AM,0.192138671875,0.065673828125,0.9614,0.5815,0.9
4,ecnn1,7,5,PM,0.192138671875,0.065673828125,0.9375,0.5938,0.8853
4,ecnn1,8,3,AM,0.2059326171875,0.001983642578125,0.4285,0.803,0.74
4,ecnn1,8,3,PM,0.2059326171875,0.001983642578125,0.4524,0.6523,0.88
4,ecnn1,8,4,AM,0.2059326171875,0.001983642578125,0.9194,0.6016,0.874
4,ecnn1,8,4,PM,0.2059326171875,0.001983642578125,0.8936,0.593,0.9033
4,ecnn1,8,5,AM,0.2059326171875,0.001983642578125,0.9346,0.4756,0.9253
4,ecnn1,8,5,PM,0.2059326171875,0.001983642578125,0.616,0.5786,0.873
4,ecnn1,10,3,AM,0.199951171875,0.006969451904296875,0.757,0.6704,0.759
4,ecnn1,10,3,PM,0.199951171875,0.006969451904296875,0.8193,0.682,0.8506
4,ecnn1,10,4,AM,0.199951171875,0.006969451904296875,0.8384,0.665,0.898
4,ecnn1,10,4,PM,0.199951171875,0.006969451904296875,0.8794,0.4739,0.721
4,ecnn1,10,5,AM,0.199951171875,0.006969451904296875,0.8877,0.628,0.8105
4,ecnn1,10,5,PM,0.199951171875,0.006969451904296875,0.7295,0.7544,0.857
4,ecnn2,1,3,AM,0.397705078125,0.00423431396484375,0.9136,0.5225,0.7744
4,ecnn2,1,3,PM,0.397705078125,0.00423431396484375,0.832,0.6934,0.793
4,ecnn2,1,4,AM,0.397705078125,0.00423431396484375,0.952,0.548,0.6543
4,ecnn2,1,4,PM,0.397705078125,0.00423431396484375,0.942,0.5337,0.6626
4,ecnn2,1,5,AM,0.397705078125,0.00423431396484375,0.9463,0.5405,0.7446
4,ecnn2,1,5,PM,0.397705078125,0.00423431396484375,0.9424,0.656,0.618
4,ecnn2,3,3,AM,0.34423828125,0.0026340484619140625,0.8843,0.4355,0.8877
4,ecnn2,3,3,PM,0.34423828125,0.0026340484619140625,0.887,0.58,0.899
4,ecnn2,3,4,AM,0.34423828125,0.0026340484619140625,0.741,0.576,0.826
4,ecnn2,3,4,PM,0.34423828125,0.0026340484619140625,0.7144,0.6533,0.8667
4,ecnn2,3,5,AM,0.34423828125,0.0026340484619140625,0.826,0.646,0.9023
4,ecnn2,3,5,PM,0.34423828125,0.0026340484619140625,0.599,0.8003,0.8535
4,ecnn2,4,3,AM,0.54345703125,0.006793975830078125,0.7563,0.5737,0.8696
4,ecnn2,4,3,PM,0.54345703125,0.006793975830078125,0.7905,0.6216,0.7812
4,ecnn2,4,4,AM,0.54345703125,0.006793975830078125,0.8574,0.6045,0.778
4,ecnn2,4,4,PM,0.54345703125,0.006793975830078125,0.885,0.5645,0.7603
4,ecnn2,4,5,AM,0.54345703125,0.006793975830078125,0.834,0.5786,0.759
4,ecnn2,4,5,PM,0.54345703125,0.006793975830078125,0.7188,0.6865,0.7534
4,ecnn2,5,3,AM,0.72314453125,1.2814998626708984e-05,0.9453,0.518,0.859
4,ecnn2,5,3,PM,0.72314453125,1.2814998626708984e-05,0.961,0.4563,0.7627
4,ecnn2,5,4,AM,0.72314453125,1.2814998626708984e-05,0.867,0.491,0.819
4,ecnn2,5,4,PM,0.72314453125,1.2814998626708984e-05,0.959,0.4978,0.8394
4,ecnn2,5,5,AM,0.72314453125,1.2814998626708984e-05,0.9443,0.546,0.8237
4,ecnn2,5,5,PM,0.72314453125,1.2814998626708984e-05,0.932,0.509,0.8726
4,ecnn2,6,3,AM,0.8154296875,0.0002837181091308594,0.616,0.698,0.527
4,ecnn2,6,3,PM,0.8154296875,0.0002837181091308594,0.865,0.696,0.4924
4,ecnn2,6,4,AM,0.8154296875,0.0002837181091308594,0.818,0.6084,0.5557
4,ecnn2,6,4,PM,0.8154296875,0.0002837181091308594,0.6978,0.733,0.53
4,ecnn2,6,5,AM,0.8154296875,0.0002837181091308594,0.2236,0.856,0.4563
4,ecnn2,6,5,PM,0.8154296875,0.0002837181091308594,0.4768,0.6646,0.5483
4,ecnn2,7,3,AM,0.796875,2.86102294921875e-05,0.911,0.7065,0.7793
4,ecnn2,7,3,PM,0.796875,2.86102294921875e-05,0.9053,0.6978,0.7554
4,ecnn2,7,4,AM,0.796875,2.86102294921875e-05,0.7324,0.6997,0.7354
4,ecnn2,7,4,PM,0.796875,2.86102294921875e-05,0.9023,0.7695,0.791
4,ecnn2,7,5,AM,0.796875,2.86102294921875e-05,0.933,0.7085,0.8086
4,ecnn2,7,5,PM,0.796875,2.86102294921875e-05,0.8984,0.702,0.7793
4,ecnn2,8,3,AM,0.62548828125,0.0005979537963867188,0.614,0.634,0.9395
4,ecnn2,8,3,PM,0.62548828125,0.0005979537963867188,0.4658,0.7407,0.8047
4,ecnn2,8,4,AM,0.62548828125,0.0005979537963867188,0.809,0.592,0.7573
4,ecnn2,8,4,PM,0.62548828125,0.0005979537963867188,0.6914,0.6763,0.7646
4,ecnn2,8,5,AM,0.62548828125,0.0005979537963867188,0.9453,0.615,0.8936
4,ecnn2,8,5,PM,0.62548828125,0.0005979537963867188,0.8574,0.543,0.9453
4,ecnn2,10,3,AM,0.5576171875,0.001209259033203125,0.717,0.7065,0.698
4,ecnn2,10,3,PM,0.5576171875,0.001209259033203125,0.7686,0.6816,0.807
4,ecnn2,10,4,AM,0.5576171875,0.001209259033203125,0.767,0.7104,0.794
4,ecnn2,10,4,PM,0.5576171875,0.001209259033203125,0.941,0.5176,0.7026
4,ecnn2,10,5,AM,0.5576171875,0.001209259033203125,0.875,0.624,0.767
4,ecnn2,10,5,PM,0.5576171875,0.001209259033203125,0.667,0.7563,0.7905
4,ecnn3,1,3,AM,0.331298828125,2.1517276763916016e-05,0.9194,0.429,0.69
4,ecnn3,1,3,PM,0.331298828125,2.1517276763916016e-05,0.927,0.5615,0.7544
4,ecnn3,1,4,AM,0.331298828125,2.1517276763916016e-05,0.928,0.4692,0.5605
4,ecnn3,1,4,PM,0.331298828125,2.1517276763916016e-05,0.934,0.4573,0.5425
4,ecnn3,1,5,AM,0.331298828125,2.1517276763916016e-05,0.955,0.4858,0.6816
4,ecnn3,1,5,PM,0.331298828125,2.1517276763916016e-05,0.9443,0.574,0.5923
4,ecnn3,3,3,AM,0.473876953125,0.01218414306640625,0.9062,0.4966,0.655
4,ecnn3,3,3,PM,0.473876953125,0.01218414306640625,0.9243,0.615,0.819
4,ecnn3,3,4,AM,0.473876953125,0.01218414306640625,0.689,0.6064,0.6655
4,ecnn3,3,4,PM,0.473876953125,0.01218414306640625,0.8027,0.5786,0.7363
4,ecnn3,3,5,AM,0.473876953125,0.01218414306640625,0.684,0.5806,0.7383
4,ecnn3,3,5,PM,0.473876953125,0.01218414306640625,0.799,0.6343,0.8545
4,ecnn3,4,3,AM,0.255126953125,0.000453948974609375,0.691,0.7056,0.694
4,ecnn3,4,3,PM,0.255126953125,0.000453948974609375,0.6323,0.7603,0.6484
4,ecnn3,4,4,AM,0.255126953125,0.000453948974609375,0.623,0.757,0.62
4,ecnn3,4,4,PM,0.255126953125,0.000453948974609375,0.648,0.7754,0.578
4,ecnn3,4,5,AM,0.255126953125,0.000453948974609375,0.7046,0.779,0.6294
4,ecnn3,4,5,PM,0.255126953125,0.000453948974609375,0.664,0.7856,0.5625
4,ecnn3,5,3,AM,0.28515625,0.0026645660400390625,0.9414,0.4368,0.789
4,ecnn3,5,3,PM,0.28515625,0.0026645660400390625,0.945,0.4243,0.646
4,ecnn3,5,4,AM,0.28515625,0.0026645660400390625,0.857,0.5684,0.7427
4,ecnn3,5,4,PM,0.28515625,0.0026645660400390625,0.9434,0.4592,0.731
4,ecnn3,5,5,AM,0.28515625,0.0026645660400390625,0.95,0.4832,0.737
4,ecnn3,5,5,PM,0.28515625,0.0026645660400390625,0.9233,0.4304,0.779
4,ecnn3,6,3,AM,0.318115234375,0.0022525787353515625,0.6943,0.668,0.698
4,ecnn3,6,3,PM,0.318115234375,0.0022525787353515625,0.919,0.5566,0.65
4,ecnn3,6,4,AM,0.318115234375,0.0022525787353515625,0.867,0.5103,0.7153
4,ecnn3,6,4,PM,0.318115234375,0.0022525787353515625,0.8223,0.6484,0.638
4,ecnn3,6,5,AM,0.318115234375,0.0022525787353515625,0.2279,0.7695,0.5483
4,ecnn3,6,5,PM,0.318115234375,0.0022525787353515625,0.5786,0.712,0.678
4,ecnn3,7,3,AM,0.3271484375,2.4378299713134766e-05,0.921,0.5693,0.7373
4,ecnn3,7,3,PM,0.3271484375,2.4378299713134766e-05,0.932,0.566,0.7266
4,ecnn3,7,4,AM,0.3271484375,2.4378299713134766e-05,0.708,0.7056,0.766
4,ecnn3,7,4,PM,0.3271484375,2.4378299713134766e-05,0.743,0.626,0.665
4,ecnn3,7,5,AM,0.3271484375,2.4378299713134766e-05,0.843,0.6274,0.803
4,ecnn3,7,5,PM,0.3271484375,2.4378299713134766e-05,0.856,0.6313,0.783
4,ecnn3,8,3,AM,0.272216796875,0.00522613525390625,0.3396,0.8613,0.641
4,ecnn3,8,3,PM,0.272216796875,0.00522613525390625,0.5454,0.7144,0.7705
4,ecnn3,8,4,AM,0.272216796875,0.00522613525390625,0.7666,0.66,0.7827
4,ecnn3,8,4,PM,0.272216796875,0.00522613525390625,0.8096,0.669,0.79
4,ecnn3,8,5,AM,0.272216796875,0.00522613525390625,0.8516,0.5503,0.8716
4,ecnn3,8,5,PM,0.272216796875,0.00522613525390625,0.477,0.581,0.9087
4,ecnn3,10,3,AM,0.4208984375,0.0020580291748046875,0.699,0.674,0.669
4,ecnn3,10,3,PM,0.4208984375,0.0020580291748046875,0.773,0.6855,0.775
4,ecnn3,10,4,AM,0.4208984375,0.0020580291748046875,0.724,0.6694,0.7915
4,ecnn3,10,4,PM,0.4208984375,0.0020580291748046875,0.912,0.477,0.638
4,ecnn3,10,5,AM,0.4208984375,0.0020580291748046875,0.841,0.6406,0.7207
4,ecnn3,10,5,PM,0.4208984375,0.0020580291748046875,0.659,0.7173,0.7695
5,ecnn1,1,3,AM,0.193115234375,0.0450439453125,,0.3167,1.0
5,ecnn1,1,3,PM,0.193115234375,0.0450439453125,,0.5933,1.0
5,ecnn1,1,4,AM,0.193115234375,0.0450439453125,,0.2722,1.0
5,ecnn1,1,4,PM,0.193115234375,0.0450439453125,,0.2712,1.0
5,ecnn1,1,5,AM,0.193115234375,0.0450439453125,,0.3545,1.0
5,ecnn1,1,5,PM,0.193115234375,0.0450439453125,,0.349,1.0
5,ecnn1,3,3,AM,0.2152099609375,0.033966064453125,0.953,0.3708,0.7495
5,ecnn1,3,3,PM,0.2152099609375,0.033966064453125,0.9565,0.528,0.8286
5,ecnn1,3,4,AM,0.2152099609375,0.033966064453125,0.7275,0.616,0.814
5,ecnn1,3,4,PM,0.2152099609375,0.033966064453125,0.8696,0.5205,0.8335
5,ecnn1,3,5,AM,0.2152099609375,0.033966064453125,0.7246,0.4817,0.8667
5,ecnn1,3,5,PM,0.2152099609375,0.033966064453125,0.421,0.6104,0.8936
5,ecnn1,4,3,AM,0.209228515625,0.01012420654296875,0.8145,0.585,0.8647
5,ecnn1,4,3,PM,0.209228515625,0.01012420654296875,0.7974,0.6655,0.8315
5,ecnn1,4,4,AM,0.209228515625,0.01012420654296875,0.8438,0.65,0.812
5,ecnn1,4,4,PM,0.209228515625,0.01012420654296875,0.8564,0.6367,0.747
5,ecnn1,4,5,AM,0.209228515625,0.01012420654296875,0.8545,0.614,0.793
5,ecnn1,4,5,PM,0.209228515625,0.01012420654296875,0.748,0.6733,0.7573
5,ecnn1,5,3,AM,0.219970703125,0.030029296875,0.9478,0.439,0.8047
5,ecnn1,5,3,PM,0.219970703125,0.030029296875,0.937,0.4016,0.6567
5,ecnn1,5,4,AM,0.219970703125,0.030029296875,0.865,0.5513,0.7456
5,ecnn1,5,4,PM,0.219970703125,0.030029296875,0.9453,0.4565,0.726
5,ecnn1,5,5,AM,0.219970703125,0.030029296875,0.9624,0.4746,0.742
5,ecnn1,5,5,PM,0.219970703125,0.030029296875,0.936,0.421,0.795
5,ecnn1,6,3,AM,0.1746826171875,0.10186767578125,0.7886,0.5977,0.8105
5,ecnn1,6,3,PM,0.1746826171875,0.10186767578125,0.978,0.4387,0.836
5,ecnn1,6,4,AM,0.1746826171875,0.10186767578125,0.8545,0.4348,0.8643
5,ecnn1,6,4,PM,0.1746826171875,0.10186767578125,0.8613,0.57,0.8345
5,ecnn1,6,5,AM,0.1746826171875,0.10186767578125,0.2013,0.7363,0.787
5,ecnn1,6,5,PM,0.1746826171875,0.10186767578125,0.783,0.6455,0.858
5,ecnn1,7,3,AM,0.2147216796875,0.028289794921875,0.9404,0.529,0.79
5,ecnn1,7,3,PM,0.2147216796875,0.028289794921875,0.9497,0.539,0.778
5,ecnn1,7,4,AM,0.2147216796875,0.028289794921875,0.816,0.635,0.876
5,ecnn1,7,4,PM,0.2147216796875,0.028289794921875,0.8413,0.5957,0.765
5,ecnn1,7,5,AM,0.2147216796875,0.028289794921875,0.9297,0.587,0.842
5,ecnn1,7,5,PM,0.2147216796875,0.028289794921875,0.921,0.596,0.827
5,ecnn1,8,3,AM,0.202880859375,0.006504058837890625,0.4316,0.799,0.727
5,ecnn1,8,3,PM,0.202880859375,0.006504058837890625,0.5264,0.667,0.9053
5,ecnn1,8,4,AM,0.202880859375,0.006504058837890625,0.935,0.5684,0.8804
5,ecnn1,8,4,PM,0.202880859375,0.006504058837890625,0.87,0.5933,0.908
5,ecnn1,8,5,AM,0.202880859375,0.006504058837890625,0.947,0.5093,0.9385
5,ecnn1,8,5,PM,0.202880859375,0.006504058837890625,0.638,0.5728,0.9126
5,ecnn1,10,3,AM,0.2110595703125,0.0147552490234375,0.807,0.6123,0.7754
5,ecnn1,10,3,PM,0.2110595703125,0.0147552490234375,0.8545,0.672,0.854
5,ecnn1,10,4,AM,0.2110595703125,0.0147552490234375,0.869,0.618,0.8843
5,ecnn1,10,4,PM,0.2110595703125,0.0147552490234375,0.893,0.4504,0.7295
5,ecnn1,10,5,AM,0.2110595703125,0.0147552490234375,0.9053,0.6104,0.8125
5,ecnn1,10,5,PM,0.2110595703125,0.0147552490234375,0.7295,0.722,0.8145
5,ecnn2,1,3,AM,0.52294921875,0.006805419921875,0.889,0.518,0.816
5,ecnn2,1,3,PM,0.52294921875,0.006805419921875,0.8823,0.7227,0.8022
5,ecnn2,1,4,AM,0.52294921875,0.006805419921875,0.9673,0.4832,0.709
5,ecnn2,1,4,PM,0.52294921875,0.006805419921875,0.9067,0.5234,0.7124
5,ecnn2,1,5,AM,0.52294921875,0.006805419921875,0.911,0.4873,0.825
5,ecnn2,1,5,PM,0.52294921875,0.006805419921875,0.9404,0.609,0.6694
5,ecnn2,3,3,AM,0.59228515625,0.0028057098388671875,0.922,0.4653,0.6235
5,ecnn2,3,3,PM,0.59228515625,0.0028057098388671875,0.9272,0.702,0.8066
5,ecnn2,3,4,AM,0.59228515625,0.0028057098388671875,0.705,0.664,0.608
5,ecnn2,3,4,PM,0.59228515625,0.0028057098388671875,0.7974,0.592,0.7837
5,ecnn2,3,5,AM,0.59228515625,0.0028057098388671875,0.6714,0.562,0.7188
5,ecnn2,3,5,PM,0.59228515625,0.0028057098388671875,0.4438,0.6616,0.8506
5,ecnn2,4,3,AM,0.568359375,0.0028247833251953125,0.589,0.7075,0.6797
5,ecnn2,4,3,PM,0.568359375,0.0028247833251953125,0.5674,0.74,0.6357
5,ecnn2,4,4,AM,0.568359375,0.0028247833251953125,0.6157,0.7827,0.6367
5,ecnn2,4,4,PM,0.568359375,0.0028247833251953125,0.6064,0.7837,0.5845
5,ecnn2,4,5,AM,0.568359375,0.0028247833251953125,0.6313,0.7603,0.612
5,ecnn2,4,5,PM,0.568359375,0.0028247833251953125,0.62,0.746,0.6104
5,ecnn2,5,3,AM,0.7255859375,5.960464477539063e-08,0.9893,0.503,0.9473
5,ecnn2,5,3,PM,0.7255859375,5.960464477539063e-08,0.988,0.3796,0.9097
5,ecnn2,5,4,AM,0.7255859375,5.960464477539063e-08,0.889,0.585,0.901
5,ecnn2,5,4,PM,0.7255859375,5.960464477539063e-08,0.993,0.4456,0.9385
5,ecnn2,5,5,AM,0.7255859375,5.960464477539063e-08,0.99,0.4685,0.8994
5,ecnn2,5,5,PM,0.7255859375,5.960464477539063e-08,0.973,0.506,0.911
5,ecnn2,6,3,AM,0.70166015625,0.00040841102600097656,0.656,0.7373,0.5947
5,ecnn2,6,3,PM,0.70166015625,0.00040841102600097656,0.8896,0.655,0.57
5,ecnn2,6,4,AM,0.70166015625,0.00040841102600097656,0.7666,0.6436,0.598
5,ecnn2,6,4,PM,0.70166015625,0.00040841102600097656,0.7217,0.7085,0.5464
5,ecnn2,6,5,AM,0.70166015625,0.00040841102600097656,0.2434,0.858,0.4963
5,ecnn2,6,5,PM,0.70166015625,0.00040841102600097656,0.4998,0.6885,0.5977
5,ecnn2,7,3,AM,0.72509765625,1.8537044525146484e-05,0.9453,0.702,0.79
5,ecnn2,7,3,PM,0.72509765625,1.8537044525146484e-05,0.95,0.642,0.7646
5,ecnn2,7,4,AM,0.72509765625,1.8537044525146484e-05,0.717,0.732,0.7446
5,ecnn2,7,4,PM,0.72509765625,1.8537044525146484e-05,0.9365,0.706,0.789
5,ecnn2,7,5,AM,0.72509765625,1.8537044525146484e-05,0.9233,0.707,0.814
5,ecnn2,7,5,PM,0.72509765625,1.8537044525146484e-05,0.918,0.68,0.794
5,ecnn2,8,3,AM,0.576171875,0.0003440380096435547,0.56,0.605,0.881
5,ecnn2,8,3,PM,0.576171875,0.0003440380096435547,0.4727,0.7363,0.8335
5,ecnn2,8,4,AM,0.576171875,0.0003440380096435547,0.7837,0.564,0.809
5,ecnn2,8,4,PM,0.576171875,0.0003440380096435547,0.7217,0.685,0.791
5,ecnn2,8,5,AM,0.576171875,0.0003440380096435547,0.9365,0.622,0.9233
5,ecnn2,8,5,PM,0.576171875,0.0003440380096435547,0.829,0.55,0.9507
5,ecnn2,10,3,AM,0.491943359375,0.0020427703857421875,0.7793,0.6836,0.734
5,ecnn2,10,3,PM,0.491943359375,0.0020427703857421875,0.867,0.6953,0.8535
5,ecnn2,10,4,AM,0.491943359375,0.0020427703857421875,0.798,0.6636,0.8335
5,ecnn2,10,4,PM,0.491943359375,0.0020427703857421875,0.9556,0.4868,0.777
5,ecnn2,10,5,AM,0.491943359375,0.0020427703857421875,0.874,0.5854,0.8374
5,ecnn2,10,5,PM,0.491943359375,0.0020427703857421875,0.716,0.756,0.7676
5,ecnn3,1,3,AM,0.35107421875,0.00028896331787109375,0.9185,0.4604,0.734
5,ecnn3,1,3,PM,0.35107421875,0.00028896331787109375,0.932,0.557,0.7744
5,ecnn3,1,4,AM,0.35107421875,0.00028896331787109375,0.9316,0.4702,0.5996
5,ecnn3,1,4,PM,0.35107421875,0.00028896331787109375,0.93,0.475,0.604
5,ecnn3,1,5,AM,0.35107421875,0.00028896331787109375,0.963,0.461,0.705
5,ecnn3,1,5,PM,0.35107421875,0.00028896331787109375,0.9424,0.557,0.614
5,ecnn3,3,3,AM,0.33642578125,0.00994110107421875,0.8755,0.5195,0.521
5,ecnn3,3,3,PM,0.33642578125,0.00994110107421875,0.858,0.6025,0.738
5,ecnn3,3,4,AM,0.33642578125,0.00994110107421875,0.572,0.6562,0.636
5,ecnn3,3,4,PM,0.33642578125,0.00994110107421875,0.8076,0.5435,0.715
5,ecnn3,3,5,AM,0.33642578125,0.00994110107421875,0.744,0.553,0.632
5,ecnn3,3,5,PM,0.33642578125,0.00994110107421875,0.591,0.6074,0.6934
5,ecnn3,4,3,AM,0.246826171875,0.00044226646423339844,0.6274,0.6904,0.6963
5,ecnn3,4,3,PM,0.246826171875,0.00044226646423339844,0.612,0.7695,0.6245
5,ecnn3,4,4,AM,0.246826171875,0.00044226646423339844,0.5933,0.759,0.6216
5,ecnn3,4,4,PM,0.246826171875,0.00044226646423339844,0.6245,0.7764,0.572
5,ecnn3,4,5,AM,0.246826171875,0.00044226646423339844,0.668,0.798,0.6094
5,ecnn3,4,5,PM,0.246826171875,0.00044226646423339844,0.6914,0.748,0.618
5,ecnn3,5,3,AM,0.300537109375,0.002483367919921875,0.934,0.4626,0.765
5,ecnn3,5,3,PM,0.300537109375,0.002483367919921875,0.9326,0.4316,0.616
5,ecnn3,5,4,AM,0.300537109375,0.002483367919921875,0.8423,0.601,0.707
5,ecnn3,5,4,PM,0.300537109375,0.002483367919921875,0.937,0.4958,0.681
5,ecnn3,5,5,AM,0.300537109375,0.002483367919921875,0.9478,0.503,0.7026
5,ecnn3,5,5,PM,0.300537109375,0.002483367919921875,0.884,0.4634,0.765
5,ecnn3,6,3,AM,0.32861328125,0.00250244140625,0.7344,0.679,0.6997
5,ecnn3,6,3,PM,0.32861328125,0.00250244140625,0.936,0.552,0.67
5,ecnn3,6,4,AM,0.32861328125,0.00250244140625,0.858,0.506,0.7153
5,ecnn3,6,4,PM,0.32861328125,0.00250244140625,0.8286,0.6484,0.647
5,ecnn3,6,5,AM,0.32861328125,0.00250244140625,0.2158,0.7607,0.572
5,ecnn3,6,5,PM,0.32861328125,0.00250244140625,0.5894,0.6895,0.6987
5,ecnn3,7,3,AM,0.403564453125,0.00025343894958496094,0.916,0.5957,0.7896
5,ecnn3,7,3,PM,0.403564453125,0.00025343894958496094,0.9517,0.5576,0.808
5,ecnn3,7,4,AM,0.403564453125,0.00025343894958496094,0.613,0.716,0.825
5,ecnn3,7,4,PM,0.403564453125,0.00025343894958496094,0.933,0.6426,0.812
5,ecnn3,7,5,AM,0.403564453125,0.00025343894958496094,0.9473,0.6064,0.864
5,ecnn3,7,5,PM,0.403564453125,0.00025343894958496094,0.9023,0.6177,0.8467
5,ecnn3,8,3,AM,0.25048828125,0.0031757354736328125,0.3694,0.832,0.6406
5,ecnn3,8,3,PM,0.25048828125,0.0031757354736328125,0.6724,0.7285,0.757
5,ecnn3,8,4,AM,0.25048828125,0.0031757354736328125,0.847,0.637,0.808
5,ecnn3,8,4,PM,0.25048828125,0.0031757354736328125,0.8667,0.631,0.8135
5,ecnn3,8,5,AM,0.25048828125,0.0031757354736328125,0.8945,0.558,0.915
5,ecnn3,8,5,PM,0.25048828125,0.0031757354736328125,0.4387,0.626,0.8657
5,ecnn3,10,3,AM,0.373046875,0.0018415451049804688,0.695,0.6826,0.6846
5,ecnn3,10,3,PM,0.373046875,0.0018415451049804688,0.741,0.7085,0.7656
5,ecnn3,10,4,AM,0.373046875,0.0018415451049804688,0.7896,0.7,0.82
5,ecnn3,10,4,PM,0.373046875,0.0018415451049804688,0.849,0.4785,0.652
5,ecnn3,10,5,AM,0.373046875,0.0018415451049804688,0.8066,0.626,0.7666
5,ecnn3,10,5,PM,0.373046875,0.0018415451049804688,0.6284,0.7324,0.7847
6,ecnn1,1,3,AM,0.205078125,0.0435791015625,,0.3438,1.0
6,ecnn1,1,3,PM,0.205078125,0.0435791015625,,0.5596,1.0
6,ecnn1,1,4,AM,0.205078125,0.0435791015625,,0.2822,1.0
6,ecnn1,1,4,PM,0.205078125,0.0435791015625,,0.2708,1.0
6,ecnn1,1,5,AM,0.205078125,0.0435791015625,,0.3503,1.0
6,ecnn1,1,5,PM,0.205078125,0.0435791015625,,0.3257,1.0
6,ecnn1,3,3,AM,0.2144775390625,0.042327880859375,0.942,0.3938,0.7583
6,ecnn1,3,3,PM,0.2144775390625,0.042327880859375,0.946,0.576,0.8335
6,ecnn1,3,4,AM,0.2144775390625,0.042327880859375,0.7427,0.574,0.824
6,ecnn1,3,4,PM,0.2144775390625,0.042327880859375,0.862,0.554,0.826
6,ecnn1,3,5,AM,0.2144775390625,0.042327880859375,0.733,0.517,0.8506
6,ecnn1,3,5,PM,0.2144775390625,0.042327880859375,0.6025,0.6084,0.948
6,ecnn1,4,3,AM,0.1998291015625,0.0018062591552734375,0.898,0.559,0.8955
6,ecnn1,4,3,PM,0.1998291015625,0.0018062591552734375,0.8604,0.638,0.8584
6,ecnn1,4,4,AM,0.1998291015625,0.0018062591552734375,0.884,0.633,0.831
6,ecnn1,4,4,PM,0.1998291015625,0.0018062591552734375,0.914,0.586,0.791
6,ecnn1,4,5,AM,0.1998291015625,0.0018062591552734375,0.896,0.575,0.815
6,ecnn1,4,5,PM,0.1998291015625,0.0018062591552734375,0.784,0.665,0.7876
6,ecnn1,5,3,AM,0.232666015625,0.0005450248718261719,0.9546,0.4412,0.771
6,ecnn1,5,3,PM,0.232666015625,0.0005450248718261719,0.9404,0.3723,0.6353
6,ecnn1,5,4,AM,0.232666015625,0.0005450248718261719,0.857,0.602,0.7256
6,ecnn1,5,4,PM,0.232666015625,0.0005450248718261719,0.945,0.4834,0.6914
6,ecnn1,5,5,AM,0.232666015625,0.0005450248718261719,0.9526,0.4736,0.711
6,ecnn1,5,5,PM,0.232666015625,0.0005450248718261719,0.9194,0.4485,0.7607
6,ecnn1,6,3,AM,0.1986083984375,0.1009521484375,0.809,0.6147,0.79
6,ecnn1,6,3,PM,0.1986083984375,0.1009521484375,0.953,0.4924,0.788
6,ecnn1,6,4,AM,0.1986083984375,0.1009521484375,0.8706,0.4531,0.827
6,ecnn1,6,4,PM,0.1986083984375,0.1009521484375,0.852,0.5625,0.788
6,ecnn1,6,5,AM,0.1986083984375,0.1009521484375,0.2424,0.754,0.8057
6,ecnn1,6,5,PM,0.1986083984375,0.1009521484375,0.7676,0.6304,0.818
6,ecnn1,7,3,AM,0.210693359375,0.005382537841796875,0.961,0.5156,0.799
6,ecnn1,7,3,PM,0.210693359375,0.005382537841796875,0.9565,0.522,0.7876
6,ecnn1,7,4,AM,0.210693359375,0.005382537841796875,0.798,0.654,0.8867
6,ecnn1,7,4,PM,0.210693359375,0.005382537841796875,0.87,0.583,0.7827
6,ecnn1,7,5,AM,0.210693359375,0.005382537841796875,0.9375,0.591,0.861
6,ecnn1,7,5,PM,0.210693359375,0.005382537841796875,0.9043,0.592,0.847
6,ecnn1,8,3,AM,0.2054443359375,0.018646240234375,0.4963,0.767,0.829
6,ecnn1,8,3,PM,0.2054443359375,0.018646240234375,0.372,0.6626,0.9023
6,ecnn1,8,4,AM,0.2054443359375,0.018646240234375,0.921,0.575,0.8833
6,ecnn1,8,4,PM,0.2054443359375,0.018646240234375,0.8516,0.6,0.908
6,ecnn1,8,5,AM,0.2054443359375,0.018646240234375,0.954,0.4753,0.9565
6,ecnn1,8,5,PM,0.2054443359375,0.018646240234375,0.7505,0.558,0.9517
6,ecnn1,10,3,AM,0.2047119140625,0.00417327880859375,0.7876,0.652,0.753
6,ecnn1,10,3,PM,0.2047119140625,0.00417327880859375,0.828,0.6826,0.8335
6,ecnn1,10,4,AM,0.2047119140625,0.00417327880859375,0.8745,0.6343,0.8794
6,ecnn1,10,4,PM,0.2047119140625,0.00417327880859375,0.8926,0.429,0.724
6,ecnn1,10,5,AM,0.2047119140625,0.00417327880859375,0.8823,0.632,0.805
6,ecnn1,10,5,PM,0.2047119140625,0.00417327880859375,0.731,0.7417,0.8486
6,ecnn2,1,3,AM,0.63037109375,0.0019931793212890625,0.937,0.532,0.77
6,ecnn2,1,3,PM,0.63037109375,0.0019931793212890625,0.884,0.6665,0.7896
6,ecnn2,1,4,AM,0.63037109375,0.0019931793212890625,0.9434,0.551,0.64
6,ecnn2,1,4,PM,0.63037109375,0.0019931793212890625,0.9546,0.555,0.658
6,ecnn2,1,5,AM,0.63037109375,0.0019931793212890625,0.933,0.527,0.7485
6,ecnn2,1,5,PM,0.63037109375,0.0019931793212890625,0.9434,0.6235,0.6323
6,ecnn2,3,3,AM,0.599609375,0.005527496337890625,0.9116,0.4548,0.6846
6,ecnn2,3,3,PM,0.599609375,0.005527496337890625,0.89,0.5684,0.832
6,ecnn2,3,4,AM,0.599609375,0.005527496337890625,0.662,0.7026,0.6177
6,ecnn2,3,4,PM,0.599609375,0.005527496337890625,0.8203,0.5615,0.768
6,ecnn2,3,5,AM,0.599609375,0.005527496337890625,0.6807,0.5977,0.752
6,ecnn2,3,5,PM,0.599609375,0.005527496337890625,0.6514,0.6694,0.775
6,ecnn2,4,3,AM,0.53857421875,0.00576019287109375,0.628,0.6416,0.8257
6,ecnn2,4,3,PM,0.53857421875,0.00576019287109375,0.65,0.6855,0.75
6,ecnn2,4,4,AM,0.53857421875,0.00576019287109375,0.677,0.7334,0.7324
6,ecnn2,4,4,PM,0.53857421875,0.00576019287109375,0.6313,0.683,0.707
6,ecnn2,4,5,AM,0.53857421875,0.00576019287109375,0.7563,0.721,0.7183
6,ecnn2,4,5,PM,0.53857421875,0.00576019287109375,0.671,0.7075,0.6914
6,ecnn2,5,3,AM,0.7138671875,2.384185791015625e-07,0.9697,0.4705,0.9326
6,ecnn2,5,3,PM,0.7138671875,2.384185791015625e-07,0.978,0.4006,0.8687
6,ecnn2,5,4,AM,0.7138671875,2.384185791015625e-07,0.889,0.5464,0.8843
6,ecnn2,5,4,PM,0.7138671875,2.384185791015625e-07,0.9814,0.4573,0.9014
6,ecnn2,5,5,AM,0.7138671875,2.384185791015625e-07,0.982,0.4863,0.868
6,ecnn2,5,5,PM,0.7138671875,2.384185791015625e-07,0.972,0.4678,0.9067
6,ecnn2,6,3,AM,0.63818359375,2.5391578674316406e-05,0.738,0.7373,0.6694
6,ecnn2,6,3,PM,0.63818359375,2.5391578674316406e-05,0.9478,0.5996,0.6514
6,ecnn2,6,4,AM,0.63818359375,2.5391578674316406e-05,0.8716,0.6045,0.7007
6,ecnn2,6,4,PM,0.63818359375,2.5391578674316406e-05,0.7837,0.7734,0.679
6,ecnn2,6,5,AM,0.63818359375,2.5391578674316406e-05,0.2429,0.849,0.5693
6,ecnn2,6,5,PM,0.63818359375,2.5391578674316406e-05,0.5547,0.6997,0.6953
6,ecnn2,7,3,AM,0.78466796875,1.6868114471435547e-05,0.903,0.7505,0.792
6,ecnn2,7,3,PM,0.78466796875,1.6868114471435547e-05,0.93,0.701,0.768
6,ecnn2,7,4,AM,0.78466796875,1.6868114471435547e-05,0.8755,0.6934,0.761
6,ecnn2,7,4,PM,0.78466796875,1.6868114471435547e-05,0.903,0.76,0.7847
6,ecnn2,7,5,AM,0.78466796875,1.6868114471435547e-05,0.943,0.715,0.796
6,ecnn2,7,5,PM,0.78466796875,1.6868114471435547e-05,0.899,0.6953,0.7676
6,ecnn2,8,3,AM,0.64697265625,9.924173355102539e-05,0.626,0.6426,0.8833
6,ecnn2,8,3,PM,0.64697265625,9.924173355102539e-05,0.483,0.741,0.753
6,ecnn2,8,4,AM,0.64697265625,9.924173355102539e-05,0.7686,0.6035,0.7656
6,ecnn2,8,4,PM,0.64697265625,9.924173355102539e-05,0.7085,0.732,0.737
6,ecnn2,8,5,AM,0.64697265625,9.924173355102539e-05,0.8984,0.6704,0.85
6,ecnn2,8,5,PM,0.64697265625,9.924173355102539e-05,0.8667,0.5786,0.901
6,ecnn2,10,3,AM,0.425048828125,0.0003981590270996094,0.7344,0.661,0.746
6,ecnn2,10,3,PM,0.425048828125,0.0003981590270996094,0.8784,0.6885,0.8735
6,ecnn2,10,4,AM,0.425048828125,0.0003981590270996094,0.8467,0.644,0.868
6,ecnn2,10,4,PM,0.425048828125,0.0003981590270996094,0.941,0.4517,0.836
6,ecnn2,10,5,AM,0.425048828125,0.0003981590270996094,0.849,0.576,0.856
6,ecnn2,10,5,PM,0.425048828125,0.0003981590270996094,0.757,0.7446,0.801
6,ecnn3,1,3,AM,0.312255859375,0.0014562606811523438,0.862,0.4675,0.6826
6,ecnn3,1,3,PM,0.312255859375,0.0014562606811523438,0.948,0.5635,0.7485
6,ecnn3,1,4,AM,0.312255859375,0.0014562606811523438,0.888,0.4666,0.5693
6,ecnn3,1,4,PM,0.312255859375,0.0014562606811523438,0.941,0.468,0.579
6,ecnn3,1,5,AM,0.312255859375,0.0014562606811523438,0.9434,0.493,0.6963
6,ecnn3,1,5,PM,0.312255859375,0.0014562606811523438,0.949,0.5815,0.6035
6,ecnn3,3,3,AM,0.292724609375,0.005733489990234375,0.909,0.4524,0.568
6,ecnn3,3,3,PM,0.292724609375,0.005733489990234375,0.8296,0.65,0.765
6,ecnn3,3,4,AM,0.292724609375,0.005733489990234375,0.637,0.6206,0.681
6,ecnn3,3,4,PM,0.292724609375,0.005733489990234375,0.817,0.5547,0.7437
6,ecnn3,3,5,AM,0.292724609375,0.005733489990234375,0.733,0.5234,0.6836
6,ecnn3,3,5,PM,0.292724609375,0.005733489990234375,0.4368,0.5884,0.78
6,ecnn3,4,3,AM,0.2412109375,0.0011348724365234375,0.571,0.725,0.5933
6,ecnn3,4,3,PM,0.2412109375,0.0011348724365234375,0.5957,0.796,0.5767
6,ecnn3,4,4,AM,0.2412109375,0.0011348724365234375,0.524,0.7734,0.555
6,ecnn3,4,4,PM,0.2412109375,0.0011348724365234375,0.57,0.7783,0.522
6,ecnn3,4,5,AM,0.2412109375,0.0011348724365234375,0.6255,0.8193,0.5557
6,ecnn3,4,5,PM,0.2412109375,0.0011348724365234375,0.6475,0.79,0.5537
6,ecnn3,5,3,AM,0.32861328125,0.004222869873046875,0.9224,0.4937,0.717
6,ecnn3,5,3,PM,0.32861328125,0.004222869873046875,0.9487,0.42,0.598
6,ecnn3,5,4,AM,0.32861328125,0.004222869873046875,0.823,0.6357,0.662
6,ecnn3,5,4,PM,0.32861328125,0.004222869873046875,0.935,0.4905,0.67
6,ecnn3,5,5,AM,0.32861328125,0.004222869873046875,0.94,0.5034,0.709
6,ecnn3,5,5,PM,0.32861328125,0.004222869873046875,0.889,0.4854,0.7104
6,ecnn3,6,3,AM,0.327880859375,0.0013637542724609375,0.727,0.674,0.7017
6,ecnn3,6,3,PM,0.327880859375,0.0013637542724609375,0.921,0.538,0.6836
6,ecnn3,6,4,AM,0.327880859375,0.0013637542724609375,0.864,0.5015,0.7285
6,ecnn3,6,4,PM,0.327880859375,0.0013637542724609375,0.823,0.655,0.651
6,ecnn3,6,5,AM,0.327880859375,0.0013637542724609375,0.2394,0.7446,0.6143
6,ecnn3,6,5,PM,0.327880859375,0.0013637542724609375,0.6265,0.6753,0.714
6,ecnn3,7,3,AM,0.351806640625,5.91278076171875e-05,0.9023,0.602,0.797
6,ecnn3,7,3,PM,0.351806640625,5.91278076171875e-05,0.944,0.5884,0.821
6,ecnn3,7,4,AM,0.351806640625,5.91278076171875e-05,0.7285,0.67,0.868
6,ecnn3,7,4,PM,0.351806640625,5.91278076171875e-05,0.92,0.655,0.807
6,ecnn3,7,5,AM,0.351806640625,5.91278076171875e-05,0.94,0.594,0.8677
6,ecnn3,7,5,PM,0.351806640625,5.91278076171875e-05,0.849,0.6055,0.873
6,ecnn3,8,3,AM,0.272705078125,0.00885009765625,0.3914,0.816,0.663
6,ecnn3,8,3,PM,0.272705078125,0.00885009765625,0.5947,0.725,0.752
6,ecnn3,8,4,AM,0.272705078125,0.00885009765625,0.835,0.611,0.816
6,ecnn3,8,4,PM,0.272705078125,0.00885009765625,0.8335,0.6465,0.798
6,ecnn3,8,5,AM,0.272705078125,0.00885009765625,0.8887,0.561,0.901
6,ecnn3,8,5,PM,0.272705078125,0.00885009765625,0.4438,0.587,0.8555
6,ecnn3,10,3,AM,0.34228515625,0.0009813308715820312,0.7593,0.685,0.716
6,ecnn3,10,3,PM,0.34228515625,0.0009813308715820312,0.774,0.692,0.782
6,ecnn3,10,4,AM,0.34228515625,0.0009813308715820312,0.807,0.671,0.8394
6,ecnn3,10,4,PM,0.34228515625,0.0009813308715820312,0.861,0.4844,0.642
6,ecnn3,10,5,AM,0.34228515625,0.0009813308715820312,0.8354,0.647,0.7476
6,ecnn3,10,5,PM,0.34228515625,0.0009813308715820312,0.7095,0.755,0.845
7,ecnn1,1,3,AM,0.1943359375,0.057861328125,,0.3594,1.0
7,ecnn1,1,3,PM,0.1943359375,0.057861328125,,0.591,1.0
7,ecnn1,1,4,AM,0.1943359375,0.057861328125,,0.2864,1.0
7,ecnn1,1,4,PM,0.1943359375,0.057861328125,,0.3096,1.0
7,ecnn1,1,5,AM,0.1943359375,0.057861328125,,0.37,1.0
7,ecnn1,1,5,PM,0.1943359375,0.057861328125,,0.3477,1.0
7,ecnn1,3,3,AM,0.215087890625,0.003459930419921875,0.9463,0.3604,0.741
7,ecnn1,3,3,PM,0.215087890625,0.003459930419921875,0.93,0.573,0.825
7,ecnn1,3,4,AM,0.215087890625,0.003459930419921875,0.709,0.601,0.7925
7,ecnn1,3,4,PM,0.215087890625,0.003459930419921875,0.8574,0.589,0.832
7,ecnn1,3,5,AM,0.215087890625,0.003459930419921875,0.7476,0.49,0.8315
7,ecnn1,3,5,PM,0.215087890625,0.003459930419921875,0.596,0.629,0.933
7,ecnn1,4,3,AM,0.1968994140625,0.0085906982421875,0.761,0.629,0.784
7,ecnn1,4,3,PM,0.1968994140625,0.0085906982421875,0.7114,0.7036,0.7456
7,ecnn1,4,4,AM,0.1968994140625,0.0085906982421875,0.7607,0.7256,0.7324
7,ecnn1,4,4,PM,0.1968994140625,0.0085906982421875,0.8213,0.7246,0.708
7,ecnn1,4,5,AM,0.1968994140625,0.0085906982421875,0.814,0.6924,0.726
7,ecnn1,4,5,PM,0.1968994140625,0.0085906982421875,0.7017,0.712,0.676
7,ecnn1,5,3,AM,0.219482421875,0.09521484375,0.9634,0.4482,0.798
7,ecnn1,5,3,PM,0.219482421875,0.09521484375,0.942,0.4124,0.658
7,ecnn1,5,4,AM,0.219482421875,0.09521484375,0.864,0.599,0.7354
7,ecnn1,5,4,PM,0.219482421875,0.09521484375,0.9453,0.4521,0.752
7,ecnn1,5,5,AM,0.219482421875,0.09521484375,0.953,0.4797,0.751
7,ecnn1,5,5,PM,0.219482421875,0.09521484375,0.93,0.4114,0.803
7,ecnn1,6,3,AM,0.1973876953125,0.0241546630859375,0.7705,0.567,0.782
7,ecnn1,6,3,PM,0.1973876953125,0.0241546630859375,0.97,0.442,0.763
7,ecnn1,6,4,AM,0.1973876953125,0.0241546630859375,0.865,0.4312,0.8394
7,ecnn1,6,4,PM,0.1973876953125,0.0241546630859375,0.851,0.5737,0.7705
7,ecnn1,6,5,AM,0.1973876953125,0.0241546630859375,0.2964,0.754,0.7905
7,ecnn1,6,5,PM,0.1973876953125,0.0241546630859375,0.806,0.577,0.8257
7,ecnn1,7,3,AM,0.2147216796875,0.01390838623046875,0.965,0.524,0.8115
7,ecnn1,7,3,PM,0.2147216796875,0.01390838623046875,0.966,0.5044,0.808
7,ecnn1,7,4,AM,0.2147216796875,0.01390838623046875,0.8174,0.635,0.899
7,ecnn1,7,4,PM,0.2147216796875,0.01390838623046875,0.908,0.576,0.804
7,ecnn1,7,5,AM,0.2147216796875,0.01390838623046875,0.948,0.5933,0.872
7,ecnn1,7,5,PM,0.2147216796875,0.01390838623046875,0.9175,0.599,0.855
7,ecnn1,8,3,AM,0.2059326171875,0.0014276504516601562,0.4702,0.7563,0.8076
7,ecnn1,8,3,PM,0.2059326171875,0.0014276504516601562,0.3875,0.682,0.8794
7,ecnn1,8,4,AM,0.2059326171875,0.0014276504516601562,0.9263,0.544,0.8843
7,ecnn1,8,4,PM,0.2059326171875,0.0014276504516601562,0.8926,0.564,0.927
7,ecnn1,8,5,AM,0.2059326171875,0.0014276504516601562,0.935,0.5107,0.946
7,ecnn1,8,5,PM,0.2059326171875,0.0014276504516601562,0.6133,0.577,0.9214
7,ecnn1,10,3,AM,0.183349609375,0.0029754638671875,0.828,0.6455,0.8096
7,ecnn1,10,3,PM,0.183349609375,0.0029754638671875,0.9077,0.665,0.9
7,ecnn1,10,4,AM,0.183349609375,0.0029754638671875,0.8965,0.618,0.915
7,ecnn1,10,4,PM,0.183349609375,0.0029754638671875,0.9185,0.4111,0.791
7,ecnn1,10,5,AM,0.183349609375,0.0029754638671875,0.934,0.6294,0.8564
7,ecnn1,10,5,PM,0.183349609375,0.0029754638671875,0.8433,0.714,0.8716
7,ecnn2,1,3,AM,0.60791015625,0.006023406982421875,0.925,0.529,0.7754
7,ecnn2,1,3,PM,0.60791015625,0.006023406982421875,0.8716,0.6504,0.835
7,ecnn2,1,4,AM,0.60791015625,0.006023406982421875,0.971,0.5015,0.6597
7,ecnn2,1,4,PM,0.60791015625,0.006023406982421875,0.923,0.5566,0.6714
7,ecnn2,1,5,AM,0.60791015625,0.006023406982421875,0.883,0.5107,0.7905
7,ecnn2,1,5,PM,0.60791015625,0.006023406982421875,0.9443,0.647,0.674
7,ecnn2,3,3,AM,0.73046875,0.003509521484375,0.912,0.4976,0.615
7,ecnn2,3,3,PM,0.73046875,0.003509521484375,0.8145,0.6294,0.744
7,ecnn2,3,4,AM,0.73046875,0.003509521484375,0.68,0.6113,0.675
7,ecnn2,3,4,PM,0.73046875,0.003509521484375,0.835,0.501,0.7446
7,ecnn2,3,5,AM,0.73046875,0.003509521484375,0.7153,0.5386,0.741
7,ecnn2,3,5,PM,0.73046875,0.003509521484375,0.583,0.666,0.7993
7,ecnn2,4,3,AM,0.5625,0.003864288330078125,0.7324,0.533,0.8833
7,ecnn2,4,3,PM,0.5625,0.003864288330078125,0.8374,0.623,0.7964
7,ecnn2,4,4,AM,0.5625,0.003864288330078125,0.854,0.5723,0.8154
7,ecnn2,4,4,PM,0.5625,0.003864288330078125,0.8823,0.609,0.7744
7,ecnn2,4,5,AM,0.5625,0.003864288330078125,0.828,0.607,0.7617
7,ecnn2,4,5,PM,0.5625,0.003864288330078125,0.757,0.6763,0.776
7,ecnn2,5,3,AM,0.65478515625,1.7881393432617188e-07,0.99,0.4617,0.9385
7,ecnn2,5,3,PM,0.65478515625,1.7881393432617188e-07,0.9907,0.3994,0.883
7,ecnn2,5,4,AM,0.65478515625,1.7881393432617188e-07,0.8955,0.507,0.8716
7,ecnn2,5,4,PM,0.65478515625,1.7881393432617188e-07,0.979,0.4624,0.911
7,ecnn2,5,5,AM,0.65478515625,1.7881393432617188e-07,0.9795,0.514,0.8804
7,ecnn2,5,5,PM,0.65478515625,1.7881393432617188e-07,0.9873,0.5054,0.9014
7,ecnn2,6,3,AM,0.6640625,0.00011134147644042969,0.6963,0.7314,0.6484
7,ecnn2,6,3,PM,0.6640625,0.00011134147644042969,0.918,0.627,0.631
7,ecnn2,6,4,AM,0.6640625,0.00011134147644042969,0.8726,0.6396,0.6743
7,ecnn2,6,4,PM,0.6640625,0.00011134147644042969,0.754,0.726,0.6484
7,ecnn2,6,5,AM,0.6640625,0.00011134147644042969,0.2338,0.869,0.4875
7,ecnn2,6,5,PM,0.6640625,0.00011134147644042969,0.47,0.7153,0.6304
7,ecnn2,7,3,AM,0.79541015625,0.00038313865661621094,0.917,0.749,0.819
7,ecnn2,7,3,PM,0.79541015625,0.00038313865661621094,0.9536,0.68,0.799
7,ecnn2,7,4,AM,0.79541015625,0.00038313865661621094,0.847,0.6816,0.801
7,ecnn2,7,4,PM,0.79541015625,0.00038313865661621094,0.932,0.7344,0.802
7,ecnn2,7,5,AM,0.79541015625,0.00038313865661621094,0.959,0.6646,0.844
7,ecnn2,7,5,PM,0.79541015625,0.00038313865661621094,0.9077,0.664,0.8223
7,ecnn2,8,3,AM,0.6005859375,9.149312973022461e-05,0.577,0.635,0.8994
7,ecnn2,8,3,PM,0.6005859375,9.149312973022461e-05,0.3994,0.7485,0.749
7,ecnn2,8,4,AM,0.6005859375,9.149312973022461e-05,0.7217,0.5737,0.793
7,ecnn2,8,4,PM,0.6005859375,9.149312973022461e-05,0.642,0.677,0.7837
7,ecnn2,8,5,AM,0.6005859375,9.149312973022461e-05,0.8804,0.617,0.91
7,ecnn2,8,5,PM,0.6005859375,9.149312973022461e-05,0.818,0.541,0.953
7,ecnn2,10,3,AM,0.564453125,0.0009326934814453125,0.749,0.6772,0.706
7,ecnn2,10,3,PM,0.564453125,0.0009326934814453125,0.8027,0.6885,0.815
7,ecnn2,10,4,AM,0.564453125,0.0009326934814453125,0.7954,0.67,0.806
7,ecnn2,10,4,PM,0.564453125,0.0009326934814453125,0.9385,0.4817,0.7295
7,ecnn2,10,5,AM,0.564453125,0.0009326934814453125,0.8486,0.604,0.776
7,ecnn2,10,5,PM,0.564453125,0.0009326934814453125,0.672,0.7285,0.7354
7,ecnn3,1,3,AM,0.32958984375,0.0015230178833007812,0.893,0.4688,0.6387
7,ecnn3,1,3,PM,0.32958984375,0.0015230178833007812,0.8867,0.593,0.706
7,ecnn3,1,4,AM,0.32958984375,0.0015230178833007812,0.912,0.484,0.54
7,ecnn3,1,4,PM,0.32958984375,0.0015230178833007812,0.9165,0.4705,0.505
7,ecnn3,1,5,AM,0.32958984375,0.0015230178833007812,0.9404,0.4705,0.6636
7,ecnn3,1,5,PM,0.32958984375,0.0015230178833007812,0.938,0.5537,0.5796
7,ecnn3,3,3,AM,0.36083984375,0.006862640380859375,0.894,0.513,0.554
7,ecnn3,3,3,PM,0.36083984375,0.006862640380859375,0.8994,0.49,0.737
7,ecnn3,3,4,AM,0.36083984375,0.006862640380859375,0.5864,0.6665,0.6797
7,ecnn3,3,4,PM,0.36083984375,0.006862640380859375,0.886,0.5376,0.6655
7,ecnn3,3,5,AM,0.36083984375,0.006862640380859375,0.7124,0.5254,0.707
7,ecnn3,3,5,PM,0.36083984375,0.006862640380859375,0.3916,0.6494,0.7964
7,ecnn3,4,3,AM,0.2308349609375,0.0003974437713623047,0.588,0.706,0.6274
7,ecnn3,4,3,PM,0.2308349609375,0.0003974437713623047,0.5986,0.779,0.5923
7,ecnn3,4,4,AM,0.2308349609375,0.0003974437713623047,0.539,0.7554,0.581
7,ecnn3,4,4,PM,0.2308349609375,0.0003974437713623047,0.5845,0.7705,0.5415
7,ecnn3,4,5,AM,0.2308349609375,0.0003974437713623047,0.609,0.8047,0.566
7,ecnn3,4,5,PM,0.2308349609375,0.0003974437713623047,0.669,0.788,0.5845
7,ecnn3,5,3,AM,0.324462890625,0.0033969879150390625,0.9116,0.4849,0.7217
7,ecnn3,5,3,PM,0.324462890625,0.0033969879150390625,0.949,0.432,0.5693
7,ecnn3,5,4,AM,0.324462890625,0.0033969879150390625,0.7407,0.6245,0.636
7,ecnn3,5,4,PM,0.324462890625,0.0033969879150390625,0.9214,0.5107,0.624
7,ecnn3,5,5,AM,0.324462890625,0.0033969879150390625,0.93,0.5093,0.666
7,ecnn3,5,5,PM,0.324462890625,0.0033969879150390625,0.881,0.4705,0.7114
7,ecnn3,6,3,AM,0.299560546875,0.0015354156494140625,0.7456,0.653,0.701
7,ecnn3,6,3,PM,0.299560546875,0.0015354156494140625,0.944,0.551,0.6357
7,ecnn3,6,4,AM,0.299560546875,0.0015354156494140625,0.878,0.473,0.711
7,ecnn3,6,4,PM,0.299560546875,0.0015354156494140625,0.8203,0.6367,0.648
7,ecnn3,6,5,AM,0.299560546875,0.0015354156494140625,0.2101,0.804,0.53
7,ecnn3,6,5,PM,0.299560546875,0.0015354156494140625,0.6084,0.6577,0.6987
7,ecnn3,7,3,AM,0.289794921875,0.0006089210510253906,0.925,0.545,0.7363
7,ecnn3,7,3,PM,0.289794921875,0.0006089210510253906,0.9326,0.5366,0.7197
7,ecnn3,7,4,AM,0.289794921875,0.0006089210510253906,0.786,0.681,0.7593
7,ecnn3,7,4,PM,0.289794921875,0.0006089210510253906,0.7354,0.6187,0.6636
7,ecnn3,7,5,AM,0.289794921875,0.0006089210510253906,0.8477,0.618,0.796
7,ecnn3,7,5,PM,0.289794921875,0.0006089210510253906,0.8613,0.6323,0.765
7,ecnn3,8,3,AM,0.267822265625,0.0096588134765625,0.3757,0.818,0.6387
7,ecnn3,8,3,PM,0.267822265625,0.0096588134765625,0.5933,0.705,0.775
7,ecnn3,8,4,AM,0.267822265625,0.0096588134765625,0.791,0.6357,0.7993
7,ecnn3,8,4,PM,0.267822265625,0.0096588134765625,0.821,0.6006,0.7993
7,ecnn3,8,5,AM,0.267822265625,0.0096588134765625,0.879,0.556,0.884
7,ecnn3,8,5,PM,0.267822265625,0.0096588134765625,0.68,0.6,0.9116
7,ecnn3,10,3,AM,0.37890625,0.0008521080017089844,0.676,0.6807,0.691
7,ecnn3,10,3,PM,0.37890625,0.0008521080017089844,0.8086,0.656,0.808
7,ecnn3,10,4,AM,0.37890625,0.0008521080017089844,0.7773,0.6455,0.834
7,ecnn3,10,4,PM,0.37890625,0.0008521080017089844,0.9253,0.4736,0.6953
7,ecnn3,10,5,AM,0.37890625,0.0008521080017089844,0.859,0.6113,0.789
7,ecnn3,10,5,PM,0.37890625,0.0008521080017089844,0.729,0.7393,0.81
8,ecnn1,1,3,AM,0.1995849609375,0.04925537109375,,0.344,1.0
8,ecnn1,1,3,PM,0.1995849609375,0.04925537109375,,0.5327,1.0
8,ecnn1,1,4,AM,0.1995849609375,0.04925537109375,,0.2764,1.0
8,ecnn1,1,4,PM,0.1995849609375,0.04925537109375,,0.2834,1.0
8,ecnn1,1,5,AM,0.1995849609375,0.04925537109375,,0.3647,1.0
8,ecnn1,1,5,PM,0.1995849609375,0.04925537109375,,0.339,1.0
8,ecnn1,3,3,AM,0.2154541015625,0.0279541015625,0.947,0.3867,0.7056
8,ecnn1,3,3,PM,0.2154541015625,0.0279541015625,0.9497,0.5474,0.8184
8,ecnn1,3,4,AM,0.2154541015625,0.0279541015625,0.6997,0.605,0.7876
8,ecnn1,3,4,PM,0.2154541015625,0.0279541015625,0.872,0.5293,0.8086
8,ecnn1,3,5,AM,0.2154541015625,0.0279541015625,0.784,0.504,0.7725
8,ecnn1,3,5,PM,0.2154541015625,0.0279541015625,0.531,0.6357,0.8706
8,ecnn1,4,3,AM,0.1937255859375,0.017974853515625,0.7466,0.65,0.83
8,ecnn1,4,3,PM,0.1937255859375,0.017974853515625,0.708,0.7134,0.7915
8,ecnn1,4,4,AM,0.1937255859375,0.017974853515625,0.759,0.732,0.7695
8,ecnn1,4,4,PM,0.1937255859375,0.017974853515625,0.8096,0.7285,0.7305
8,ecnn1,4,5,AM,0.1937255859375,0.017974853515625,0.789,0.725,0.765
8,ecnn1,4,5,PM,0.1937255859375,0.017974853515625,0.7295,0.6836,0.7407
8,ecnn1,5,3,AM,0.22998046875,0.06927490234375,0.9624,0.4753,0.79
8,ecnn1,5,3,PM,0.22998046875,0.06927490234375,0.9556,0.378,0.67
8,ecnn1,5,4,AM,0.22998046875,0.06927490234375,0.756,0.6562,0.676
8,ecnn1,5,4,PM,0.22998046875,0.06927490234375,0.964,0.466,0.7373
8,ecnn1,5,5,AM,0.22998046875,0.06927490234375,0.9595,0.4775,0.754
8,ecnn1,5,5,PM,0.22998046875,0.06927490234375,0.9307,0.44,0.8037
8,ecnn1,6,3,AM,0.20654296875,0.0049591064453125,0.7744,0.603,0.7656
8,ecnn1,6,3,PM,0.20654296875,0.0049591064453125,0.943,0.503,0.7485
8,ecnn1,6,4,AM,0.20654296875,0.0049591064453125,0.866,0.4785,0.795
8,ecnn1,6,4,PM,0.20654296875,0.0049591064453125,0.8257,0.5786,0.75
8,ecnn1,6,5,AM,0.20654296875,0.0049591064453125,0.2477,0.768,0.644
8,ecnn1,6,5,PM,0.20654296875,0.0049591064453125,0.7886,0.6284,0.792
8,ecnn1,7,3,AM,0.1966552734375,0.044708251953125,0.97,0.5283,0.8228
8,ecnn1,7,3,PM,0.1966552734375,0.044708251953125,0.97,0.5137,0.8135
8,ecnn1,7,4,AM,0.1966552734375,0.044708251953125,0.818,0.637,0.9033
8,ecnn1,7,4,PM,0.1966552734375,0.044708251953125,0.8496,0.598,0.791
8,ecnn1,7,5,AM,0.1966552734375,0.044708251953125,0.963,0.5884,0.8823
8,ecnn1,7,5,PM,0.1966552734375,0.044708251953125,0.9424,0.6035,0.8647
8,ecnn1,8,3,AM,0.19091796875,0.01349639892578125,0.506,0.741,0.7944
8,ecnn1,8,3,PM,0.19091796875,0.01349639892578125,0.6533,0.6533,0.916
8,ecnn1,8,4,AM,0.19091796875,0.01349639892578125,0.943,0.543,0.8857
8,ecnn1,8,4,PM,0.19091796875,0.01349639892578125,0.894,0.575,0.9297
8,ecnn1,8,5,AM,0.19091796875,0.01349639892578125,0.9536,0.505,0.9663
8,ecnn1,8,5,PM,0.19091796875,0.01349639892578125,0.6416,0.563,0.951
8,ecnn1,10,3,AM,0.196044921875,0.0074005126953125,0.7754,0.675,0.7695
8,ecnn1,10,3,PM,0.196044921875,0.0074005126953125,0.8867,0.6714,0.893
8,ecnn1,10,4,AM,0.196044921875,0.0074005126953125,0.8555,0.6597,0.871
8,ecnn1,10,4,PM,0.196044921875,0.0074005126953125,0.9272,0.4563,0.769
8,ecnn1,10,5,AM,0.196044921875,0.0074005126953125,0.9385,0.618,0.8486
8,ecnn1,10,5,PM,0.196044921875,0.0074005126953125,0.7515,0.765,0.8267
8,ecnn2,1,3,AM,0.39453125,0.0042877197265625,0.862,0.515,0.8203
8,ecnn2,1,3,PM,0.39453125,0.0042877197265625,0.7134,0.7627,0.7593
8,ecnn2,1,4,AM,0.39453125,0.0042877197265625,0.9585,0.5244,0.724
8,ecnn2,1,4,PM,0.39453125,0.0042877197265625,0.935,0.532,0.717
8,ecnn2,1,5,AM,0.39453125,0.0042877197265625,0.873,0.5347,0.808
8,ecnn2,1,5,PM,0.39453125,0.0042877197265625,0.9277,0.6245,0.667
8,ecnn2,3,3,AM,0.634765625,0.0028400421142578125,0.9165,0.5654,0.591
8,ecnn2,3,3,PM,0.634765625,0.0028400421142578125,0.9307,0.668,0.7964
8,ecnn2,3,4,AM,0.634765625,0.0028400421142578125,0.6235,0.65,0.653
8,ecnn2,3,4,PM,0.634765625,0.0028400421142578125,0.841,0.591,0.7505
8,ecnn2,3,5,AM,0.634765625,0.0028400421142578125,0.697,0.571,0.6943
8,ecnn2,3,5,PM,0.634765625,0.0028400421142578125,0.4841,0.649,0.794
8,ecnn2,4,3,AM,0.54345703125,0.004398345947265625,0.5845,0.6924,0.7197
8,ecnn2,4,3,PM,0.54345703125,0.004398345947265625,0.5864,0.7466,0.648
8,ecnn2,4,4,AM,0.54345703125,0.004398345947265625,0.615,0.763,0.673
8,ecnn2,4,4,PM,0.54345703125,0.004398345947265625,0.647,0.7495,0.6304
8,ecnn2,4,5,AM,0.54345703125,0.004398345947265625,0.657,0.747,0.657
8,ecnn2,4,5,PM,0.54345703125,0.004398345947265625,0.572,0.7305,0.6704
8,ecnn2,5,3,AM,0.68701171875,1.1920928955078125e-07,0.981,0.4893,0.957
8,ecnn2,5,3,PM,0.68701171875,1.1920928955078125e-07,0.9897,0.399,0.885
8,ecnn2,5,4,AM,0.68701171875,1.1920928955078125e-07,0.8857,0.556,0.8936
8,ecnn2,5,4,PM,0.68701171875,1.1920928955078125e-07,0.9653,0.4695,0.917
8,ecnn2,5,5,AM,0.68701171875,1.1920928955078125e-07,0.978,0.4888,0.905
8,ecnn2,5,5,PM,0.68701171875,1.1920928955078125e-07,0.9717,0.463,0.9146
8,ecnn2,6,3,AM,0.7001953125,0.0022754669189453125,0.6406,0.719,0.5786
8,ecnn2,6,3,PM,0.7001953125,0.0022754669189453125,0.9087,0.656,0.5396
8,ecnn2,6,4,AM,0.7001953125,0.0022754669189453125,0.806,0.588,0.589
8,ecnn2,6,4,PM,0.7001953125,0.0022754669189453125,0.689,0.7305,0.539
8,ecnn2,6,5,AM,0.7001953125,0.0022754669189453125,0.2251,0.8496,0.505
8,ecnn2,6,5,PM,0.7001953125,0.0022754669189453125,0.549,0.666,0.604
8,ecnn2,7,3,AM,0.80126953125,2.086162567138672e-05,0.93,0.712,0.798
8,ecnn2,7,3,PM,0.80126953125,2.086162567138672e-05,0.9365,0.6787,0.7603
8,ecnn2,7,4,AM,0.80126953125,2.086162567138672e-05,0.702,0.7285,0.736
8,ecnn2,7,4,PM,0.80126953125,2.086162567138672e-05,0.9297,0.7104,0.7925
8,ecnn2,7,5,AM,0.80126953125,2.086162567138672e-05,0.9424,0.6787,0.8027
8,ecnn2,7,5,PM,0.80126953125,2.086162567138672e-05,0.9043,0.6816,0.777
8,ecnn2,8,3,AM,0.62255859375,0.0004706382751464844,0.6284,0.595,0.85
8,ecnn2,8,3,PM,0.62255859375,0.0004706382751464844,0.4377,0.773,0.7266
8,ecnn2,8,4,AM,0.62255859375,0.0004706382751464844,0.6943,0.5767,0.775
8,ecnn2,8,4,PM,0.62255859375,0.0004706382751464844,0.6245,0.703,0.7695
8,ecnn2,8,5,AM,0.62255859375,0.0004706382751464844,0.898,0.653,0.901
8,ecnn2,8,5,PM,0.62255859375,0.0004706382751464844,0.8433,0.5605,0.9355
8,ecnn2,10,3,AM,0.436279296875,0.0036468505859375,0.7085,0.6733,0.712
8,ecnn2,10,3,PM,0.436279296875,0.0036468505859375,0.8843,0.7036,0.8823
8,ecnn2,10,4,AM,0.436279296875,0.0036468505859375,0.783,0.663,0.847
8,ecnn2,10,4,PM,0.436279296875,0.0036468505859375,0.944,0.4675,0.828
8,ecnn2,10,5,AM,0.436279296875,0.0036468505859375,0.871,0.607,0.859
8,ecnn2,10,5,PM,0.436279296875,0.0036468505859375,0.7524,0.759,0.7817
8,ecnn3,1,3,AM,0.36279296875,0.0001811981201171875,0.9136,0.4434,0.649
8,ecnn3,1,3,PM,0.36279296875,0.0001811981201171875,0.8896,0.5654,0.744
8,ecnn3,1,4,AM,0.36279296875,0.0001811981201171875,0.9297,0.469,0.546
8,ecnn3,1,4,PM,0.36279296875,0.0001811981201171875,0.925,0.4749,0.53
8,ecnn3,1,5,AM,0.36279296875,0.0001811981201171875,0.938,0.4773,0.6567
8,ecnn3,1,5,PM,0.36279296875,0.0001811981201171875,0.935,0.5767,0.5806
8,ecnn3,3,3,AM,0.31103515625,0.0103912353515625,0.9053,0.488,0.54
8,ecnn3,3,3,PM,0.31103515625,0.0103912353515625,0.8354,0.634,0.753
8,ecnn3,3,4,AM,0.31103515625,0.0103912353515625,0.6284,0.6694,0.63
8,ecnn3,3,4,PM,0.31103515625,0.0103912353515625,0.8345,0.561,0.7275
8,ecnn3,3,5,AM,0.31103515625,0.0103912353515625,0.731,0.52,0.662
8,ecnn3,3,5,PM,0.31103515625,0.0103912353515625,0.4556,0.598,0.7754
8,ecnn3,4,3,AM,0.242431640625,0.000396728515625,0.7534,0.6396,0.7485
8,ecnn3,4,3,PM,0.242431640625,0.000396728515625,0.644,0.721,0.676
8,ecnn3,4,4,AM,0.242431640625,0.000396728515625,0.6685,0.7314,0.661
8,ecnn3,4,4,PM,0.242431640625,0.000396728515625,0.698,0.7495,0.6196
8,ecnn3,4,5,AM,0.242431640625,0.000396728515625,0.7734,0.728,0.6636
8,ecnn3,4,5,PM,0.242431640625,0.000396728515625,0.6157,0.761,0.5366
8,ecnn3,5,3,AM,0.33056640625,0.0025177001953125,0.9404,0.4844,0.742
8,ecnn3,5,3,PM,0.33056640625,0.0025177001953125,0.9404,0.4556,0.6187
8,ecnn3,5,4,AM,0.33056640625,0.0025177001953125,0.802,0.6406,0.655
8,ecnn3,5,4,PM,0.33056640625,0.0025177001953125,0.9253,0.504,0.686
8,ecnn3,5,5,AM,0.33056640625,0.0025177001953125,0.8994,0.5317,0.7007
8,ecnn3,5,5,PM,0.33056640625,0.0025177001953125,0.8984,0.4756,0.758
8,ecnn3,6,3,AM,0.32666015625,0.0013713836669921875,0.716,0.6494,0.6807
8,ecnn3,6,3,PM,0.32666015625,0.0013713836669921875,0.946,0.5464,0.6357
8,ecnn3,6,4,AM,0.32666015625,0.0013713836669921875,0.8345,0.4802,0.699
8,ecnn3,6,4,PM,0.32666015625,0.0013713836669921875,0.777,0.6567,0.6396
8,ecnn3,6,5,AM,0.32666015625,0.0013713836669921875,0.2211,0.828,0.5034
8,ecnn3,6,5,PM,0.32666015625,0.0013713836669921875,0.6284,0.672,0.6836
8,ecnn3,7,3,AM,0.300048828125,0.00014221668243408203,0.904,0.557,0.7095
8,ecnn3,7,3,PM,0.300048828125,0.00014221668243408203,0.9175,0.544,0.702
8,ecnn3,7,4,AM,0.300048828125,0.00014221668243408203,0.8276,0.654,0.751
8,ecnn3,7,4,PM,0.300048828125,0.00014221668243408203,0.7217,0.633,0.637
8,ecnn3,7,5,AM,0.300048828125,0.00014221668243408203,0.8267,0.6177,0.7607
8,ecnn3,7,5,PM,0.300048828125,0.00014221668243408203,0.845,0.6313,0.7393
8,ecnn3,8,3,AM,0.2578125,0.00171661376953125,0.332,0.827,0.6367
8,ecnn3,8,3,PM,0.2578125,0.00171661376953125,0.6216,0.745,0.77
8,ecnn3,8,4,AM,0.2578125,0.00171661376953125,0.8003,0.672,0.8
8,ecnn3,8,4,PM,0.2578125,0.00171661376953125,0.8784,0.611,0.816
8,ecnn3,8,5,AM,0.2578125,0.00171661376953125,0.884,0.5444,0.913
8,ecnn3,8,5,PM,0.2578125,0.00171661376953125,0.4077,0.5923,0.8203
8,ecnn3,10,3,AM,0.399658203125,0.0017786026000976562,0.701,0.687,0.6714
8,ecnn3,10,3,PM,0.399658203125,0.0017786026000976562,0.778,0.6743,0.783
8,ecnn3,10,4,AM,0.399658203125,0.0017786026000976562,0.7246,0.6855,0.7817
8,ecnn3,10,4,PM,0.399658203125,0.0017786026000976562,0.907,0.523,0.641
8,ecnn3,10,5,AM,0.399658203125,0.0017786026000976562,0.8726,0.6304,0.7456
8,ecnn3,10,5,PM,0.399658203125,0.0017786026000976562,0.6133,0.737,0.791
9,ecnn1,1,3,AM,0.1912841796875,0.07098388671875,,0.3545,1.0
9,ecnn1,1,3,PM,0.1912841796875,0.07098388671875,,0.569,1.0
9,ecnn1,1,4,AM,0.1912841796875,0.07098388671875,,0.302,1.0
9,ecnn1,1,4,PM,0.1912841796875,0.07098388671875,,0.2886,1.0
9,ecnn1,1,5,AM,0.1912841796875,0.07098388671875,,0.394,1.0
9,ecnn1,1,5,PM,0.1912841796875,0.07098388671875,,0.3418,1.0
9,ecnn1,3,3,AM,0.2286376953125,0.032562255859375,0.9487,0.3948,0.7197
9,ecnn1,3,3,PM,0.2286376953125,0.032562255859375,0.923,0.6143,0.803
9,ecnn1,3,4,AM,0.2286376953125,0.032562255859375,0.7197,0.588,0.802
9,ecnn1,3,4,PM,0.2286376953125,0.032562255859375,0.7935,0.572,0.8193
9,ecnn1,3,5,AM,0.2286376953125,0.032562255859375,0.769,0.495,0.8066
9,ecnn1,3,5,PM,0.2286376953125,0.032562255859375,0.4526,0.618,0.903
9,ecnn1,4,3,AM,0.201416015625,0.0004069805145263672,0.6724,0.65,0.7563
9,ecnn1,4,3,PM,0.201416015625,0.0004069805145263672,0.6484,0.733,0.706
9,ecnn1,4,4,AM,0.201416015625,0.0004069805145263672,0.7104,0.731,0.7207
9,ecnn1,4,4,PM,0.201416015625,0.0004069805145263672,0.7485,0.736,0.6724
9,ecnn1,4,5,AM,0.201416015625,0.0004069805145263672,0.714,0.751,0.687
9,ecnn1,4,5,PM,0.201416015625,0.0004069805145263672,0.7144,0.718,0.6855
9,ecnn1,5,3,AM,0.230224609375,0.0667724609375,0.942,0.4353,0.777
9,ecnn1,5,3,PM,0.230224609375,0.0667724609375,0.9355,0.403,0.6343
9,ecnn1,5,4,AM,0.230224609375,0.0667724609375,0.8354,0.5444,0.733
9,ecnn1,5,4,PM,0.230224609375,0.0667724609375,0.939,0.4612,0.705
9,ecnn1,5,5,AM,0.230224609375,0.0667724609375,0.9565,0.4675,0.7246
9,ecnn1,5,5,PM,0.230224609375,0.0667724609375,0.9004,0.4336,0.782
9,ecnn1,6,3,AM,0.225341796875,0.049407958984375,0.768,0.5645,0.7417
9,ecnn1,6,3,PM,0.225341796875,0.049407958984375,0.9263,0.4937,0.6953
9,ecnn1,6,4,AM,0.225341796875,0.049407958984375,0.8867,0.4578,0.7485
9,ecnn1,6,4,PM,0.225341796875,0.049407958984375,0.8076,0.597,0.7095
9,ecnn1,6,5,AM,0.225341796875,0.049407958984375,0.2316,0.763,0.6587
9,ecnn1,6,5,PM,0.225341796875,0.049407958984375,0.7456,0.6196,0.7646
9,ecnn1,7,3,AM,0.2110595703125,0.00960540771484375,0.962,0.514,0.798
9,ecnn1,7,3,PM,0.2110595703125,0.00960540771484375,0.9634,0.501,0.7896
9,ecnn1,7,4,AM,0.2110595703125,0.00960540771484375,0.865,0.641,0.8794
9,ecnn1,7,4,PM,0.2110595703125,0.00960540771484375,0.8447,0.594,0.762
9,ecnn1,7,5,AM,0.2110595703125,0.00960540771484375,0.9155,0.586,0.86
9,ecnn1,7,5,PM,0.2110595703125,0.00960540771484375,0.9097,0.587,0.842
9,ecnn1,8,3,AM,0.187744140625,0.00043272972106933594,0.4976,0.7705,0.783
9,ecnn1,8,3,PM,0.187744140625,0.00043272972106933594,0.5312,0.6543,0.903
9,ecnn1,8,4,AM,0.187744140625,0.00043272972106933594,0.9478,0.541,0.882
9,ecnn1,8,4,PM,0.187744140625,0.00043272972106933594,0.8755,0.606,0.919
9,ecnn1,8,5,AM,0.187744140625,0.00043272972106933594,0.9297,0.5083,0.9575
9,ecnn1,8,5,PM,0.187744140625,0.00043272972106933594,0.6157,0.573,0.9385
9,ecnn1,10,3,AM,0.184814453125,0.00354766845703125,0.8145,0.655,0.784
9,ecnn1,10,3,PM,0.184814453125,0.00354766845703125,0.867,0.6743,0.864
9,ecnn1,10,4,AM,0.184814453125,0.00354766845703125,0.8833,0.6187,0.8877
9,ecnn1,10,4,PM,0.184814453125,0.00354766845703125,0.901,0.44,0.7505
9,ecnn1,10,5,AM,0.184814453125,0.00354766845703125,0.923,0.626,0.8306
9,ecnn1,10,5,PM,0.184814453125,0.00354766845703125,0.746,0.7603,0.826
9,ecnn2,1,3,AM,0.59912109375,0.0023097991943359375,0.9385,0.5024,0.803
9,ecnn2,1,3,PM,0.59912109375,0.0023097991943359375,0.9126,0.621,0.853
9,ecnn2,1,4,AM,0.59912109375,0.0023097991943359375,0.9727,0.5747,0.682
9,ecnn2,1,4,PM,0.59912109375,0.0023097991943359375,0.9595,0.5205,0.704
9,ecnn2,1,5,AM,0.59912109375,0.0023097991943359375,0.9478,0.544,0.797
9,ecnn2,1,5,PM,0.59912109375,0.0023097991943359375,0.944,0.6216,0.6753
9,ecnn2,3,3,AM,0.671875,0.00308990478515625,0.9165,0.4653,0.614
9,ecnn2,3,3,PM,0.671875,0.00308990478515625,0.9478,0.5483,0.8096
9,ecnn2,3,4,AM,0.671875,0.00308990478515625,0.7036,0.583,0.716
9,ecnn2,3,4,PM,0.671875,0.00308990478515625,0.8716,0.5215,0.735
9,ecnn2,3,5,AM,0.671875,0.00308990478515625,0.681,0.5063,0.744
9,ecnn2,3,5,PM,0.671875,0.00308990478515625,0.675,0.637,0.862
9,ecnn2,4,3,AM,0.47265625,0.00554656982421875,0.756,0.55,0.8726
9,ecnn2,4,3,PM,0.47265625,0.00554656982421875,0.8286,0.6094,0.8257
9,ecnn2,4,4,AM,0.47265625,0.00554656982421875,0.8633,0.62,0.8135
9,ecnn2,4,4,PM,0.47265625,0.00554656982421875,0.8877,0.5767,0.8
9,ecnn2,4,5,AM,0.47265625,0.00554656982421875,0.827,0.6045,0.7627
9,ecnn2,4,5,PM,0.47265625,0.00554656982421875,0.79,0.6626,0.802
9,ecnn2,5,3,AM,0.693359375,1.1920928955078125e-07,0.9907,0.476,0.945
9,ecnn2,5,3,PM,0.693359375,1.1920928955078125e-07,0.9805,0.3682,0.9014
9,ecnn2,5,4,AM,0.693359375,1.1920928955078125e-07,0.889,0.558,0.902
9,ecnn2,5,4,PM,0.693359375,1.1920928955078125e-07,0.9897,0.4653,0.925
9,ecnn2,5,5,AM,0.693359375,1.1920928955078125e-07,0.976,0.4949,0.9043
9,ecnn2,5,5,PM,0.693359375,1.1920928955078125e-07,0.976,0.487,0.918
9,ecnn2,6,3,AM,0.6982421875,0.0001513957977294922,0.6626,0.743,0.62
9,ecnn2,6,3,PM,0.6982421875,0.0001513957977294922,0.9214,0.619,0.609
9,ecnn2,6,4,AM,0.6982421875,0.0001513957977294922,0.85,0.6387,0.684
9,ecnn2,6,4,PM,0.6982421875,0.0001513957977294922,0.7974,0.7075,0.6465
9,ecnn2,6,5,AM,0.6982421875,0.0001513957977294922,0.2343,0.831,0.4666
9,ecnn2,6,5,PM,0.6982421875,0.0001513957977294922,0.4724,0.7173,0.6196
9,ecnn2,7,3,AM,0.7265625,9.357929229736328e-06,0.913,0.718,0.7866
9,ecnn2,7,3,PM,0.7265625,9.357929229736328e-06,0.941,0.661,0.769
9,ecnn2,7,4,AM,0.7265625,9.357929229736328e-06,0.748,0.6943,0.7476
9,ecnn2,7,4,PM,0.7265625,9.357929229736328e-06,0.9204,0.731,0.789
9,ecnn2,7,5,AM,0.7265625,9.357929229736328e-06,0.95,0.685,0.817
9,ecnn2,7,5,PM,0.7265625,9.357929229736328e-06,0.906,0.6724,0.7827
9,ecnn2,8,3,AM,0.63134765625,6.264448165893555e-05,0.6084,0.646,0.8003
9,ecnn2,8,3,PM,0.63134765625,6.264448165893555e-05,0.444,0.77,0.738
9,ecnn2,8,4,AM,0.63134765625,6.264448165893555e-05,0.726,0.6245,0.763
9,ecnn2,8,4,PM,0.63134765625,6.264448165893555e-05,0.621,0.746,0.726
9,ecnn2,8,5,AM,0.63134765625,6.264448165893555e-05,0.8394,0.625,0.8926
9,ecnn2,8,5,PM,0.63134765625,6.264448165893555e-05,0.7407,0.5645,0.96
9,ecnn2,10,3,AM,0.548828125,0.0009088516235351562,0.7896,0.6704,0.7246
9,ecnn2,10,3,PM,0.548828125,0.0009088516235351562,0.784,0.675,0.791
9,ecnn2,10,4,AM,0.548828125,0.0009088516235351562,0.8135,0.658,0.8174
9,ecnn2,10,4,PM,0.548828125,0.0009088516235351562,0.9097,0.4817,0.7207
9,ecnn2,10,5,AM,0.548828125,0.0009088516235351562,0.8506,0.601,0.7534
9,ecnn2,10,5,PM,0.548828125,0.0009088516235351562,0.709,0.742,0.7915
9,ecnn3,1,3,AM,0.50244140625,0.0002313852310180664,0.89,0.5283,0.7534
9,ecnn3,1,3,PM,0.50244140625,0.0002313852310180664,0.708,0.74,0.701
9,ecnn3,1,4,AM,0.50244140625,0.0002313852310180664,0.929,0.556,0.645
9,ecnn3,1,4,PM,0.50244140625,0.0002313852310180664,0.8887,0.5396,0.653
9,ecnn3,1,5,AM,0.50244140625,0.0002313852310180664,0.888,0.563,0.7407
9,ecnn3,1,5,PM,0.50244140625,0.0002313852310180664,0.883,0.6626,0.5977
9,ecnn3,3,3,AM,0.305419921875,0.005397796630859375,0.905,0.4763,0.5547
9,ecnn3,3,3,PM,0.305419921875,0.005397796630859375,0.8335,0.622,0.7505
9,ecnn3,3,4,AM,0.305419921875,0.005397796630859375,0.606,0.635,0.665
9,ecnn3,3,4,PM,0.305419921875,0.005397796630859375,0.8306,0.5464,0.7344
9,ecnn3,3,5,AM,0.305419921875,0.005397796630859375,0.7207,0.5146,0.6753
9,ecnn3,3,5,PM,0.305419921875,0.005397796630859375,0.3003,0.5957,0.7905
9,ecnn3,4,3,AM,0.2685546875,5.4836273193359375e-05,0.638,0.702,0.7017
9,ecnn3,4,3,PM,0.2685546875,5.4836273193359375e-05,0.59,0.7583,0.6357
9,ecnn3,4,4,AM,0.2685546875,5.4836273193359375e-05,0.5537,0.7524,0.629
9,ecnn3,4,4,PM,0.2685546875,5.4836273193359375e-05,0.613,0.764,0.5864
9,ecnn3,4,5,AM,0.2685546875,5.4836273193359375e-05,0.633,0.7705,0.62
9,ecnn3,4,5,PM,0.2685546875,5.4836273193359375e-05,0.7144,0.7686,0.6436
9,ecnn3,5,3,AM,0.303955078125,0.0017642974853515625,0.942,0.492,0.7524
9,ecnn3,5,3,PM,0.303955078125,0.0017642974853515625,0.944,0.4182,0.612
9,ecnn3,5,4,AM,0.303955078125,0.0017642974853515625,0.763,0.689,0.6533
9,ecnn3,5,4,PM,0.303955078125,0.0017642974853515625,0.926,0.4663,0.7065
9,ecnn3,5,5,AM,0.303955078125,0.0017642974853515625,0.9277,0.4844,0.709
9,ecnn3,5,5,PM,0.303955078125,0.0017642974853515625,0.9067,0.452,0.7466
9,ecnn3,6,3,AM,0.3046875,0.0012273788452148438,0.7417,0.6406,0.6914
9,ecnn3,6,3,PM,0.3046875,0.0012273788452148438,0.927,0.542,0.6465
9,ecnn3,6,4,AM,0.3046875,0.0012273788452148438,0.873,0.4692,0.7114
9,ecnn3,6,4,PM,0.3046875,0.0012273788452148438,0.826,0.6387,0.652
9,ecnn3,6,5,AM,0.3046875,0.0012273788452148438,0.2362,0.804,0.533
9,ecnn3,6,5,PM,0.3046875,0.0012273788452148438,0.608,0.659,0.6865
9,ecnn3,7,3,AM,0.277587890625,0.00028777122497558594,0.927,0.551,0.741
9,ecnn3,7,3,PM,0.277587890625,0.00028777122497558594,0.93,0.549,0.7285
9,ecnn3,7,4,AM,0.277587890625,0.00028777122497558594,0.8213,0.6797,0.7954
9,ecnn3,7,4,PM,0.277587890625,0.00028777122497558594,0.7256,0.622,0.6655
9,ecnn3,7,5,AM,0.277587890625,0.00028777122497558594,0.828,0.62,0.804
9,ecnn3,7,5,PM,0.277587890625,0.00028777122497558594,0.841,0.6274,0.7773
9,ecnn3,8,3,AM,0.291259765625,0.00868988037109375,0.416,0.8174,0.688
9,ecnn3,8,3,PM,0.291259765625,0.00868988037109375,0.5254,0.71,0.744
9,ecnn3,8,4,AM,0.291259765625,0.00868988037109375,0.7295,0.5903,0.7866
9,ecnn3,8,4,PM,0.291259765625,0.00868988037109375,0.8286,0.6533,0.789
9,ecnn3,8,5,AM,0.291259765625,0.00868988037109375,0.896,0.556,0.9155
9,ecnn3,8,5,PM,0.291259765625,0.00868988037109375,0.533,0.587,0.958
9,ecnn3,10,3,AM,0.35205078125,0.0005340576171875,0.6865,0.688,0.694
9,ecnn3,10,3,PM,0.35205078125,0.0005340576171875,0.7603,0.672,0.7783
9,ecnn3,10,4,AM,0.35205078125,0.0005340576171875,0.7944,0.673,0.839
9,ecnn3,10,4,PM,0.35205078125,0.0005340576171875,0.866,0.5073,0.652
9,ecnn3,10,5,AM,0.35205078125,0.0005340576171875,0.817,0.626,0.7607
9,ecnn3,10,5,PM,0.35205078125,0.0005340576171875,0.7603,0.738,0.856
10,ecnn1,1,3,AM,0.1859130859375,0.0692138671875,,0.3293,1.0
10,ecnn1,1,3,PM,0.1859130859375,0.0692138671875,,0.5806,1.0
10,ecnn1,1,4,AM,0.1859130859375,0.0692138671875,,0.2769,1.0
10,ecnn1,1,4,PM,0.1859130859375,0.0692138671875,,0.2935,1.0
10,ecnn1,1,5,AM,0.1859130859375,0.0692138671875,,0.3765,1.0
10,ecnn1,1,5,PM,0.1859130859375,0.0692138671875,,0.3528,1.0
10,ecnn1,3,3,AM,0.215087890625,0.005290985107421875,0.953,0.3918,0.748
10,ecnn1,3,3,PM,0.215087890625,0.005290985107421875,0.882,0.655,0.827
10,ecnn1,3,4,AM,0.215087890625,0.005290985107421875,0.7314,0.5723,0.8228
10,ecnn1,3,4,PM,0.215087890625,0.005290985107421875,0.831,0.556,0.8423
10,ecnn1,3,5,AM,0.215087890625,0.005290985107421875,0.774,0.5044,0.83
10,ecnn1,3,5,PM,0.215087890625,0.005290985107421875,0.4895,0.6167,0.9326
10,ecnn1,4,3,AM,0.19873046875,0.0006871223449707031,0.724,0.656,0.809
10,ecnn1,4,3,PM,0.19873046875,0.0006871223449707031,0.7295,0.7275,0.763
10,ecnn1,4,4,AM,0.19873046875,0.0006871223449707031,0.7256,0.738,0.744
10,ecnn1,4,4,PM,0.19873046875,0.0006871223449707031,0.7783,0.7427,0.704
10,ecnn1,4,5,AM,0.19873046875,0.0006871223449707031,0.772,0.731,0.738
10,ecnn1,4,5,PM,0.19873046875,0.0006871223449707031,0.7617,0.6904,0.728
10,ecnn1,5,3,AM,0.2432861328125,0.0276641845703125,0.933,0.46,0.766
10,ecnn1,5,3,PM,0.2432861328125,0.0276641845703125,0.9424,0.3943,0.626
10,ecnn1,5,4,AM,0.2432861328125,0.0276641845703125,0.8076,0.6353,0.688
10,ecnn1,5,4,PM,0.2432861328125,0.0276641845703125,0.9434,0.4763,0.69
10,ecnn1,5,5,AM,0.2432861328125,0.0276641845703125,0.9487,0.4988,0.7017
10,ecnn1,5,5,PM,0.2432861328125,0.0276641845703125,0.9297,0.429,0.765
10,ecnn1,6,3,AM,0.181396484375,0.06072998046875,0.781,0.595,0.8145
10,ecnn1,6,3,PM,0.181396484375,0.06072998046875,0.9595,0.4844,0.8
10,ecnn1,6,4,AM,0.181396484375,0.06072998046875,0.866,0.424,0.8286
10,ecnn1,6,4,PM,0.181396484375,0.06072998046875,0.8584,0.5522,0.8276
10,ecnn1,6,5,AM,0.181396484375,0.06072998046875,0.2788,0.7935,0.767
10,ecnn1,6,5,PM,0.181396484375,0.06072998046875,0.776,0.636,0.845
10,ecnn1,7,3,AM,0.1904296875,0.0960693359375,0.959,0.5073,0.839
10,ecnn1,7,3,PM,0.1904296875,0.0960693359375,0.9727,0.4883,0.8394
10,ecnn1,7,4,AM,0.1904296875,0.0960693359375,0.8506,0.5957,0.934
10,ecnn1,7,4,PM,0.1904296875,0.0960693359375,0.8926,0.582,0.8184
10,ecnn1,7,5,AM,0.1904296875,0.0960693359375,0.9604,0.555,0.9155
10,ecnn1,7,5,PM,0.1904296875,0.0960693359375,0.913,0.557,0.9023
10,ecnn1,8,3,AM,0.2130126953125,0.0235137939453125,0.4944,0.7573,0.768
10,ecnn1,8,3,PM,0.2130126953125,0.0235137939453125,0.4746,0.673,0.881
10,ecnn1,8,4,AM,0.2130126953125,0.0235137939453125,0.9316,0.5684,0.8677
10,ecnn1,8,4,PM,0.2130126953125,0.0235137939453125,0.852,0.6343,0.873
10,ecnn1,8,5,AM,0.2130126953125,0.0235137939453125,0.918,0.4714,0.9473
10,ecnn1,8,5,PM,0.2130126953125,0.0235137939453125,0.7266,0.553,0.9575
10,ecnn1,10,3,AM,0.196533203125,0.0033512115478515625,0.777,0.659,0.755
10,ecnn1,10,3,PM,0.196533203125,0.0033512115478515625,0.8154,0.678,0.8467
10,ecnn1,10,4,AM,0.196533203125,0.0033512115478515625,0.8984,0.6255,0.8784
10,ecnn1,10,4,PM,0.196533203125,0.0033512115478515625,0.9204,0.4468,0.726
10,ecnn1,10,5,AM,0.196533203125,0.0033512115478515625,0.865,0.631,0.8013
10,ecnn1,10,5,PM,0.196533203125,0.0033512115478515625,0.707,0.75,0.8037
10,ecnn2,1,3,AM,0.58740234375,0.005809783935546875,0.861,0.5083,0.8184
10,ecnn2,1,3,PM,0.58740234375,0.005809783935546875,0.785,0.731,0.796
10,ecnn2,1,4,AM,0.58740234375,0.005809783935546875,0.964,0.5005,0.7104
10,ecnn2,1,4,PM,0.58740234375,0.005809783935546875,0.9346,0.5435,0.697
10,ecnn2,1,5,AM,0.58740234375,0.005809783935546875,0.8647,0.5137,0.777
10,ecnn2,1,5,PM,0.58740234375,0.005809783935546875,0.932,0.614,0.6636
10,ecnn2,3,3,AM,0.56689453125,0.0032444000244140625,0.9336,0.449,0.6562
10,ecnn2,3,3,PM,0.56689453125,0.0032444000244140625,0.92,0.7544,0.7954
10,ecnn2,3,4,AM,0.56689453125,0.0032444000244140625,0.6797,0.6543,0.663
10,ecnn2,3,4,PM,0.56689453125,0.0032444000244140625,0.7085,0.6016,0.7847
10,ecnn2,3,5,AM,0.56689453125,0.0032444000244140625,0.6333,0.5913,0.7827
10,ecnn2,3,5,PM,0.56689453125,0.0032444000244140625,0.5005,0.7144,0.7715
10,ecnn2,4,3,AM,0.5087890625,0.00431060791015625,0.6357,0.6294,0.817
10,ecnn2,4,3,PM,0.5087890625,0.00431060791015625,0.6514,0.7007,0.7485
10,ecnn2,4,4,AM,0.5087890625,0.00431060791015625,0.745,0.717,0.77
10,ecnn2,4,4,PM,0.5087890625,0.00431060791015625,0.722,0.7217,0.7114
10,ecnn2,4,5,AM,0.5087890625,0.00431060791015625,0.7485,0.7114,0.7275
10,ecnn2,4,5,PM,0.5087890625,0.00431060791015625,0.626,0.685,0.731
10,ecnn2,5,3,AM,0.62939453125,2.473592758178711e-05,0.9756,0.4917,0.8604
10,ecnn2,5,3,PM,0.62939453125,2.473592758178711e-05,0.9556,0.4348,0.7617
10,ecnn2,5,4,AM,0.62939453125,2.473592758178711e-05,0.894,0.4976,0.818
10,ecnn2,5,4,PM,0.62939453125,2.473592758178711e-05,0.956,0.496,0.845
10,ecnn2,5,5,AM,0.62939453125,2.473592758178711e-05,0.943,0.6006,0.839
10,ecnn2,5,5,PM,0.62939453125,2.473592758178711e-05,0.9004,0.5215,0.88
10,ecnn2,6,3,AM,0.73681640625,0.00044345855712890625,0.6226,0.712,0.5664
10,ecnn2,6,3,PM,0.73681640625,0.00044345855712890625,0.871,0.6787,0.5195
10,ecnn2,6,4,AM,0.73681640625,0.00044345855712890625,0.7793,0.616,0.5913
10,ecnn2,6,4,PM,0.73681640625,0.00044345855712890625,0.682,0.7207,0.54
10,ecnn2,6,5,AM,0.73681640625,0.00044345855712890625,0.2358,0.858,0.4624
10,ecnn2,6,5,PM,0.73681640625,0.00044345855712890625,0.487,0.6636,0.555
10,ecnn2,7,3,AM,0.7763671875,7.271766662597656e-05,0.8965,0.7334,0.78
10,ecnn2,7,3,PM,0.7763671875,7.271766662597656e-05,0.912,0.679,0.758
10,ecnn2,7,4,AM,0.7763671875,7.271766662597656e-05,0.7397,0.6978,0.7227
10,ecnn2,7,4,PM,0.7763671875,7.271766662597656e-05,0.908,0.7344,0.781
10,ecnn2,7,5,AM,0.7763671875,7.271766662597656e-05,0.947,0.685,0.799
10,ecnn2,7,5,PM,0.7763671875,7.271766662597656e-05,0.8896,0.6846,0.765
10,ecnn2,8,3,AM,0.62353515625,2.092123031616211e-05,0.6367,0.638,0.9023
10,ecnn2,8,3,PM,0.62353515625,2.092123031616211e-05,0.3872,0.7573,0.752
10,ecnn2,8,4,AM,0.62353515625,2.092123031616211e-05,0.7383,0.577,0.762
10,ecnn2,8,4,PM,0.62353515625,2.092123031616211e-05,0.6616,0.7017,0.734
10,ecnn2,8,5,AM,0.62353515625,2.092123031616211e-05,0.9053,0.64,0.865
10,ecnn2,8,5,PM,0.62353515625,2.092123031616211e-05,0.8545,0.561,0.938
10,ecnn2,10,3,AM,0.497314453125,0.001964569091796875,0.7256,0.685,0.7104
10,ecnn2,10,3,PM,0.497314453125,0.001964569091796875,0.7466,0.673,0.823
10,ecnn2,10,4,AM,0.497314453125,0.001964569091796875,0.803,0.6763,0.8145
10,ecnn2,10,4,PM,0.497314453125,0.001964569091796875,0.9316,0.4868,0.7676
10,ecnn2,10,5,AM,0.497314453125,0.001964569091796875,0.839,0.627,0.796
10,ecnn2,10,5,PM,0.497314453125,0.001964569091796875,0.709,0.7334,0.7734
10,ecnn3,1,3,AM,0.302490234375,0.0010309219360351562,0.8936,0.4534,0.599
10,ecnn3,1,3,PM,0.302490234375,0.0010309219360351562,0.87,0.573,0.708
10,ecnn3,1,4,AM,0.302490234375,0.0010309219360351562,0.909,0.4534,0.514
10,ecnn3,1,4,PM,0.302490234375,0.0010309219360351562,0.9243,0.4548,0.4822
10,ecnn3,1,5,AM,0.302490234375,0.0010309219360351562,0.9375,0.4617,0.642
10,ecnn3,1,5,PM,0.302490234375,0.0010309219360351562,0.945,0.53,0.584
10,ecnn3,3,3,AM,0.3017578125,0.00853729248046875,0.895,0.4973,0.482
10,ecnn3,3,3,PM,0.3017578125,0.00853729248046875,0.839,0.575,0.717
10,ecnn3,3,4,AM,0.3017578125,0.00853729248046875,0.5605,0.6826,0.6255
10,ecnn3,3,4,PM,0.3017578125,0.00853729248046875,0.8027,0.5493,0.692
10,ecnn3,3,5,AM,0.3017578125,0.00853729248046875,0.7437,0.5513,0.615
10,ecnn3,3,5,PM,0.3017578125,0.00853729248046875,0.4304,0.6187,0.741
10,ecnn3,4,3,AM,0.229736328125,0.0001329183578491211,0.649,0.713,0.693
10,ecnn3,4,3,PM,0.229736328125,0.0001329183578491211,0.6196,0.7593,0.6484
10,ecnn3,4,4,AM,0.229736328125,0.0001329183578491211,0.5645,0.7666,0.6143
10,ecnn3,4,4,PM,0.229736328125,0.0001329183578491211,0.605,0.7783,0.573
10,ecnn3,4,5,AM,0.229736328125,0.0001329183578491211,0.6826,0.786,0.6323
10,ecnn3,4,5,PM,0.229736328125,0.0001329183578491211,0.691,0.7705,0.601
10,ecnn3,5,3,AM,0.302490234375,0.002902984619140625,0.9517,0.4775,0.745
10,ecnn3,5,3,PM,0.302490234375,0.002902984619140625,0.945,0.4348,0.612
10,ecnn3,5,4,AM,0.302490234375,0.002902984619140625,0.8013,0.657,0.66
10,ecnn3,5,4,PM,0.302490234375,0.002902984619140625,0.92,0.4707,0.6978
10,ecnn3,5,5,AM,0.302490234375,0.002902984619140625,0.9004,0.4966,0.714
10,ecnn3,5,5,PM,0.302490234375,0.002902984619140625,0.9243,0.449,0.7534
10,ecnn3,6,3,AM,0.34521484375,0.0012769699096679688,0.6807,0.674,0.724
10,ecnn3,6,3,PM,0.34521484375,0.0012769699096679688,0.9136,0.5337,0.665
10,ecnn3,6,4,AM,0.34521484375,0.0012769699096679688,0.8555,0.509,0.7314
10,ecnn3,6,4,PM,0.34521484375,0.0012769699096679688,0.793,0.652,0.6523
10,ecnn3,6,5,AM,0.34521484375,0.0012769699096679688,0.2389,0.779,0.5522
10,ecnn3,6,5,PM,0.34521484375,0.0012769699096679688,0.583,0.7085,0.67
10,ecnn3,7,3,AM,0.289794921875,0.0002065896987915039,0.91,0.559,0.7183
10,ecnn3,7,3,PM,0.289794921875,0.0002065896987915039,0.9243,0.554,0.713
10,ecnn3,7,4,AM,0.289794921875,0.0002065896987915039,0.806,0.6724,0.7827
10,ecnn3,7,4,PM,0.289794921875,0.0002065896987915039,0.714,0.633,0.636
10,ecnn3,7,5,AM,0.289794921875,0.0002065896987915039,0.8154,0.624,0.788
10,ecnn3,7,5,PM,0.289794921875,0.0002065896987915039,0.8516,0.6323,0.76
10,ecnn3,8,3,AM,0.274658203125,0.010284423828125,0.371,0.8315,0.636
10,ecnn3,8,3,PM,0.274658203125,0.010284423828125,0.5933,0.748,0.7827
10,ecnn3,8,4,AM,0.274658203125,0.010284423828125,0.803,0.6353,0.821
10,ecnn3,8,4,PM,0.274658203125,0.010284423828125,0.8286,0.6294,0.7812
10,ecnn3,8,5,AM,0.274658203125,0.010284423828125,0.887,0.515,0.913
10,ecnn3,8,5,PM,0.274658203125,0.010284423828125,0.775,0.575,0.937
10,ecnn3,10,3,AM,0.40673828125,0.002056121826171875,0.7485,0.6836,0.695
10,ecnn3,10,3,PM,0.40673828125,0.002056121826171875,0.7637,0.6914,0.768
10,ecnn3,10,4,AM,0.40673828125,0.002056121826171875,0.7383,0.679,0.794
10,ecnn3,10,4,PM,0.40673828125,0.002056121826171875,0.8755,0.467,0.639
10,ecnn3,10,5,AM,0.40673828125,0.002056121826171875,0.823,0.6743,0.7407
10,ecnn3,10,5,PM,0.40673828125,0.002056121826171875,0.7056,0.741,0.7964
